<?xml version="1.0" encoding="UTF-8"?><idempiere Name="PaySelection" Version="1.0.0" idempiereVersion="" DataBaseVersion="" Description="" Author="" AuthorEmail="jcolmenarez@frontuari.net" CreatedDate="2020-03-07 18:59:31.2" UpdatedDate="2020-03-07 18:59:31.2" PackOutVersion="100" UpdateDictionary="false" Client="0-SYSTEM-System" AD_Client_UU="11237b53-9592-4af1-b3c5-afd216514b5d">
    <AD_Message type="table">
        <AD_Client_ID>0</AD_Client_ID>
        <AD_Org_ID>0</AD_Org_ID>
        <MsgType>E</MsgType>
        <MsgText>Cannot void the payment selection, because, one or more lines have payment check</MsgText>
        <MsgTip/>
        <IsActive>Y</IsActive>
        <Value>payselectionline.cannot.void</Value>
        <EntityType>FTU</EntityType>
        <AD_Message_UU>3c216e2c-7d7a-40b7-b0d1-f9f203e3ed4b</AD_Message_UU>
        <AD_Message_Trl type="translation">
            <MsgText>No se puede liberar la seleccion de pago porque uno o mas lineas tienen pagos generados.</MsgText>
            <MsgTip/>
            <AD_Language>es_CO</AD_Language>
            <IsActive>Y</IsActive>
            <IsTranslated>N</IsTranslated>
        </AD_Message_Trl>
    </AD_Message>
    <AD_Message type="table">
        <AD_Client_ID>0</AD_Client_ID>
        <AD_Org_ID>0</AD_Org_ID>
        <MsgType>I</MsgType>
        <MsgText>Payment selection voided sucessful</MsgText>
        <MsgTip/>
        <IsActive>Y</IsActive>
        <Value>payselection.void</Value>
        <EntityType>FTU</EntityType>
        <AD_Message_UU>3bfe7ff6-58da-4479-98c1-3fa777835f2c</AD_Message_UU>
        <AD_Message_Trl type="translation">
            <MsgText>Seleccion de Pago liberada con exito!</MsgText>
            <MsgTip/>
            <AD_Language>es_CO</AD_Language>
            <IsActive>Y</IsActive>
            <IsTranslated>N</IsTranslated>
        </AD_Message_Trl>
    </AD_Message>
    <AD_Element type="table">
        <AD_Client_ID>0</AD_Client_ID>
        <AD_Org_ID>0</AD_Org_ID>
        <IsActive>Y</IsActive>
        <ColumnName>VoidPaySelection</ColumnName>
        <Name>Void Payment Selection</Name>
        <Description/>
        <Help/>
        <PrintName>Void Payment Selection</PrintName>
        <PO_Description/>
        <PO_Help/>
        <PO_Name/>
        <PO_PrintName/>
        <EntityType>FTU</EntityType>
        <AD_Element_UU>56cb6429-f49e-4513-9253-b3bef79050cf</AD_Element_UU>
        <Placeholder/>
        <AD_Element_Trl type="translation">
            <Help/>
            <PO_Description/>
            <PO_Help/>
            <Name>Liberar Seleccion de Pago</Name>
            <Description/>
            <PrintName>Void Payment Selection</PrintName>
            <PO_Name/>
            <PO_PrintName/>
            <Placeholder/>
            <AD_Language>es_CO</AD_Language>
            <IsActive>Y</IsActive>
            <IsTranslated>N</IsTranslated>
        </AD_Element_Trl>
    </AD_Element>
    <AD_Process type="table">
        <AD_Client_ID>0</AD_Client_ID>
        <AD_Org_ID>0</AD_Org_ID>
        <IsActive>Y</IsActive>
        <Name>Void Payment Selection</Name>
        <Description/>
        <Help/>
        <ProcedureName/>
        <IsReport>N</IsReport>
        <Value>prc_VoidPaySelection</Value>
        <IsDirectPrint>N</IsDirectPrint>
        <AD_ReportView_ID reference="id"/>
        <Classname>net.frontuari.payselection.process.VoidPaySelection</Classname>
        <AccessLevel>3</AccessLevel>
        <EntityType>FTU</EntityType>
        <Statistic_Count>5</Statistic_Count>
        <Statistic_Seconds>34</Statistic_Seconds>
        <AD_PrintFormat_ID reference="id"/>
        <WorkflowValue/>
        <AD_Workflow_ID reference="id"/>
        <IsBetaFunctionality>N</IsBetaFunctionality>
        <IsServerProcess>N</IsServerProcess>
        <ShowHelp>Y</ShowHelp>
        <JasperReport/>
        <AD_Form_ID reference="id"/>
        <CopyFromProcess>N</CopyFromProcess>
        <AD_Process_UU>6487c015-a93b-4ec7-bf9b-63c7c253b76e</AD_Process_UU>
        <AD_CtxHelp_ID reference="id"/>
        <ExecutionType/>
        <AllowMultipleExecution>P</AllowMultipleExecution>
        <AD_Process_Trl type="translation">
            <Help/>
            <Description/>
            <Name>Liberar Seleccion de Pago</Name>
            <AD_Language>es_CO</AD_Language>
            <IsActive>Y</IsActive>
            <IsTranslated>N</IsTranslated>
        </AD_Process_Trl>
    </AD_Process>
    <AD_Column type="table">
        <IsSyncDatabase>Y</IsSyncDatabase>
        <AD_Table_ID reference="id">426</AD_Table_ID>
        <AD_Reference_Value_ID reference="id"/>
        <AD_Client_ID>0</AD_Client_ID>
        <AD_Org_ID>0</AD_Org_ID>
        <Version>0</Version>
        <Name>Void Payment Selection</Name>
        <Description/>
        <Help/>
        <AD_Val_Rule_ID reference="id"/>
        <ColumnName>VoidPaySelection</ColumnName>
        <DefaultValue/>
        <FieldLength>1</FieldLength>
        <IsKey>N</IsKey>
        <IsParent>N</IsParent>
        <IsMandatory>N</IsMandatory>
        <IsTranslated>N</IsTranslated>
        <IsIdentifier>N</IsIdentifier>
        <SeqNo>0</SeqNo>
        <IsEncrypted>N</IsEncrypted>
        <AD_Reference_ID reference="id">28</AD_Reference_ID>
        <IsActive>Y</IsActive>
        <VFormat/>
        <Callout/>
        <AD_Element_ID reference="uuid" reference-key="AD_Element">56cb6429-f49e-4513-9253-b3bef79050cf</AD_Element_ID>
        <IsUpdateable>Y</IsUpdateable>
        <AD_Process_ID reference="uuid" reference-key="AD_Process">6487c015-a93b-4ec7-bf9b-63c7c253b76e</AD_Process_ID>
        <ValueMin/>
        <ValueMax/>
        <IsSelectionColumn>N</IsSelectionColumn>
        <ReadOnlyLogic/>
        <EntityType>FTU</EntityType>
        <IsAlwaysUpdateable>Y</IsAlwaysUpdateable>
        <ColumnSQL/>
        <MandatoryLogic/>
        <IsAutocomplete>N</IsAutocomplete>
        <IsAllowLogging>Y</IsAllowLogging>
        <FormatPattern/>
        <AD_Chart_ID reference="id"/>
        <AD_Column_UU>15fcab0f-febe-4d8a-98af-26d827d578bb</AD_Column_UU>
        <IsAllowCopy>Y</IsAllowCopy>
        <SeqNoSelection>0</SeqNoSelection>
        <IsToolbarButton>Y</IsToolbarButton>
        <IsSecure>N</IsSecure>
        <FKConstraintName/>
        <FKConstraintType>N</FKConstraintType>
        <PA_DashboardContent_ID reference="id"/>
        <Placeholder/>
        <IsHtml>N</IsHtml>
    </AD_Column>
    <AD_Field type="table">
        <AD_Client_ID>0</AD_Client_ID>
        <AD_Org_ID>0</AD_Org_ID>
        <Name>Void Payment Selection</Name>
        <Description/>
        <Help/>
        <AD_Tab_ID reference="id">352</AD_Tab_ID>
        <AD_Column_ID reference="uuid" reference-key="AD_Column">15fcab0f-febe-4d8a-98af-26d827d578bb</AD_Column_ID>
        <IsDisplayed>Y</IsDisplayed>
        <DisplayLogic/>
        <DisplayLength>1</DisplayLength>
        <SeqNo>100</SeqNo>
        <SortNo/>
        <IsSameLine>N</IsSameLine>
        <IsHeading>N</IsHeading>
        <IsFieldOnly>N</IsFieldOnly>
        <IsEncrypted>N</IsEncrypted>
        <IsActive>Y</IsActive>
        <IsReadOnly>N</IsReadOnly>
        <IsCentrallyMaintained>Y</IsCentrallyMaintained>
        <AD_FieldGroup_ID reference="id"/>
        <EntityType>FTU</EntityType>
        <ObscureType/>
        <AD_Reference_ID reference="id"/>
        <IsMandatory/>
        <DefaultValue/>
        <AD_Reference_Value_ID reference="id"/>
        <AD_Val_Rule_ID reference="id"/>
        <Included_Tab_ID reference="id"/>
        <AD_Field_UU>22a4f786-3ca5-456d-92bd-1539c538663a</AD_Field_UU>
        <IsAllowCopy/>
        <IsDisplayedGrid>Y</IsDisplayedGrid>
        <SeqNoGrid>150</SeqNoGrid>
        <XPosition>5</XPosition>
        <ColumnSpan>2</ColumnSpan>
        <NumLines>1</NumLines>
        <IsQuickEntry>N</IsQuickEntry>
        <IsUpdateable/>
        <IsAlwaysUpdateable/>
        <MandatoryLogic/>
        <ReadOnlyLogic/>
        <IsToolbarButton/>
        <IsDefaultFocus>N</IsDefaultFocus>
        <IsAdvancedField>N</IsAdvancedField>
        <VFormat/>
        <AD_LabelStyle_ID reference="id"/>
        <AD_FieldStyle_ID reference="id"/>
        <Placeholder/>
        <AD_Field_Trl type="translation">
            <Help/>
            <Description/>
            <Name>Liberar Seleccion de Pago</Name>
            <Placeholder/>
            <AD_Language>es_CO</AD_Language>
            <IsActive>Y</IsActive>
            <IsTranslated>N</IsTranslated>
        </AD_Field_Trl>
    </AD_Field>
</idempiere>
