<?xml version="1.0" encoding="UTF-8"?><idempiere Name="AD_RelationType" Version="1.0.0" idempiereVersion="7.1.0.qualifier" DataBaseVersion="2019-11-22" Description="" Author="aRodriguez" AuthorEmail="" CreatedDate="Thu Jan 07 16:14:38 VET 2021" UpdatedDate="Thu Jan 07 16:14:38 VET 2021" PackOutVersion="100" UpdateDictionary="true" Client="0-SYSTEM-System" AD_Client_UU="11237b53-9592-4af1-b3c5-afd216514b5d">
    <AD_RelationType type="table">
        <AD_Client_ID>0</AD_Client_ID>
        <AD_Org_ID>0</AD_Org_ID>
        <Description/>
        <IsActive>Y</IsActive>
        <Name>FTU_PaymentRequest &lt;-&gt; C_PaySelection</Name>
        <AD_Reference_Source_ID reference="uuid" reference-key="AD_Reference">ebcdf226-7925-4053-a953-0b47626930cc</AD_Reference_Source_ID>
        <AD_Reference_Target_ID reference="uuid" reference-key="AD_Reference">f671e9f9-1f98-465e-9665-a1b4547e0965</AD_Reference_Target_ID>
        <IsDirected>N</IsDirected>
        <Role_Source/>
        <Role_Target/>
        <Type>I</Type>
        <AD_RelationType_UU>f8fa6a6e-8ed6-47f2-be07-fd7e4e8087f3</AD_RelationType_UU>
    </AD_RelationType>
</idempiere>
