<?xml version="1.0" encoding="UTF-8"?><idempiere Name="2Pack_1.5.6_AddRelationFTUPaymentRequest" Version="1.5.6" idempiereVersion="" DataBaseVersion="" Description="" Author="" AuthorEmail="arodriguez@frontuari.net" CreatedDate="2021-01-07 16:11:04.431" UpdatedDate="2021-01-07 16:11:04.431" PackOutVersion="100" UpdateDictionary="false" Client="0-SYSTEM-System" AD_Client_UU="11237b53-9592-4af1-b3c5-afd216514b5d">
    <AD_Reference type="table">
        <AD_Client_ID>0</AD_Client_ID>
        <AD_Org_ID>0</AD_Org_ID>
        <Name>FTU_PaymentRequest -&gt; C_PaySelection</Name>
        <Description/>
        <Help/>
        <ValidationType>T</ValidationType>
        <IsActive>Y</IsActive>
        <VFormat/>
        <EntityType>FTU</EntityType>
        <IsOrderByValue>N</IsOrderByValue>
        <AD_Reference_UU>ebcdf226-7925-4053-a953-0b47626930cc</AD_Reference_UU>
        <AD_Element_ID reference="id"/>
        <AD_Reference_Trl type="translation">
            <Help/>
            <Name>FTU_PaymentRequest -&gt; C_PaySelection</Name>
            <Description/>
            <AD_Language>es_CO</AD_Language>
            <IsActive>Y</IsActive>
            <IsTranslated>N</IsTranslated>
        </AD_Reference_Trl>
        <AD_Ref_Table type="table">
            <AD_Client_ID>0</AD_Client_ID>
            <AD_Org_ID>0</AD_Org_ID>
            <AD_Reference_ID reference="uuid" reference-key="AD_Reference">ebcdf226-7925-4053-a953-0b47626930cc</AD_Reference_ID>
            <AD_Table_ID reference="id">426</AD_Table_ID>
            <WhereClause>EXISTS(SELECT 1 FROM C_PaySelectionLine psl INNER JOIN FTU_PaymentRequestLine prl ON prl.FTU_PaymentRequestLine_ID = psl.FTU_PaymentRequestLine_ID WHERE psl.C_PaySelection_ID = C_PaySelection.C_PaySelection_ID AND prl.FTU_PaymentRequest_ID = @FTU_PaymentRequest_ID@)</WhereClause>
            <OrderByClause/>
            <IsActive>Y</IsActive>
            <IsValueDisplayed>N</IsValueDisplayed>
            <EntityType>FTU</EntityType>
            <AD_Window_ID reference="id"/>
            <AD_Ref_Table_UU>d02e33e1-cf94-4de5-a71d-b4adf7e9eec6</AD_Ref_Table_UU>
            <AD_InfoWindow_ID reference="id"/>
            <AD_Display reference="uuid" reference-key="AD_Column">2fc6365c-f662-41df-834c-40485e6b41ba</AD_Display>
            <AD_Key reference="id">5609</AD_Key>
        </AD_Ref_Table>
    </AD_Reference>
    <AD_Reference type="table">
        <AD_Client_ID>0</AD_Client_ID>
        <AD_Org_ID>0</AD_Org_ID>
        <Name>C_PaySelection -&gt; FTU_PaymentRequest</Name>
        <Description/>
        <Help/>
        <ValidationType>T</ValidationType>
        <IsActive>Y</IsActive>
        <VFormat/>
        <EntityType>FTU</EntityType>
        <IsOrderByValue>N</IsOrderByValue>
        <AD_Reference_UU>f671e9f9-1f98-465e-9665-a1b4547e0965</AD_Reference_UU>
        <AD_Element_ID reference="id"/>
        <AD_Reference_Trl type="translation">
            <Help/>
            <Name>C_PaySelection -&gt; FTU_PaymentRequest</Name>
            <Description/>
            <AD_Language>es_CO</AD_Language>
            <IsActive>Y</IsActive>
            <IsTranslated>N</IsTranslated>
        </AD_Reference_Trl>
        <AD_Ref_Table type="table">
            <AD_Client_ID>0</AD_Client_ID>
            <AD_Org_ID>0</AD_Org_ID>
            <AD_Reference_ID reference="uuid" reference-key="AD_Reference">f671e9f9-1f98-465e-9665-a1b4547e0965</AD_Reference_ID>
            <AD_Table_ID reference="uuid" reference-key="AD_Table">b3900924-a380-40ec-aa53-5744c4de75ab</AD_Table_ID>
            <WhereClause>EXISTS(SELECT 1 FROM FTU_PaymentRequestLine prl INNER JOIN C_PaySelectionLine psl ON psl.FTU_PaymentRequestLine_ID = prl.FTU_PaymentRequestLine_ID WHERE prl.FTU_PaymentRequest_ID = FTU_PaymentRequest.FTU_PaymentRequest_ID AND psl.C_PaySelection_ID = @C_PaySelection_ID@)</WhereClause>
            <OrderByClause/>
            <IsActive>Y</IsActive>
            <IsValueDisplayed>N</IsValueDisplayed>
            <EntityType>FTU</EntityType>
            <AD_Window_ID reference="id"/>
            <AD_Ref_Table_UU>a0d7e73d-7eb8-47c9-a772-58720e321f9c</AD_Ref_Table_UU>
            <AD_InfoWindow_ID reference="id"/>
            <AD_Display reference="uuid" reference-key="AD_Column">e458e61b-f0e1-4687-b8a1-d5d05029a7c7</AD_Display>
            <AD_Key reference="uuid" reference-key="AD_Column">e194c656-755b-46a4-8927-8fea1913c433</AD_Key>
        </AD_Ref_Table>
    </AD_Reference>
</idempiere>
