<?xml version="1.0" encoding="UTF-8"?><idempiere Name="2Pack_1.6.0_CreateFunctions" Version="1.6.0" idempiereVersion="" DataBaseVersion="" Description="" Author="" AuthorEmail="arodriguez@frontuari.net" CreatedDate="2020-12-15 16:33:53.692" UpdatedDate="2020-12-15 16:33:53.692" PackOutVersion="100" UpdateDictionary="false" Client="0-SYSTEM-System" AD_Client_UU="11237b53-9592-4af1-b3c5-afd216514b5d">
    <SQLMandatory type="custom">
        <DBType>Postgres</DBType>
        <statement>
            <![CDATA[CREATE OR REPLACE FUNCTION adempiere.orderopen(p_c_order_id numeric, p_c_orderpayschedule_id numeric)
 RETURNS numeric
 LANGUAGE plpgsql
AS $function$

DECLARE
	v_Currency_ID		NUMERIC(10);
	v_TotalOpenAmt  	NUMERIC := 0;
	v_PaidAmt  	        NUMERIC := 0;
	v_Remaining	        NUMERIC := 0;
    	v_Temp              	NUMERIC := 0;
    	v_Precision            	NUMERIC := 0;
    	v_Min            	NUMERIC := 0;
    	ar			RECORD;
    	s			RECORD;

BEGIN
		BEGIN
		SELECT	MAX(C_Currency_ID), SUM(GrandTotal)
		INTO	v_Currency_ID, v_TotalOpenAmt
		FROM	FTU_Order_V				
        WHERE	C_Order_ID = p_C_Order_ID;
        	EXCEPTION			WHEN OTHERS THEN
            	RAISE NOTICE 'orderOpen - %', SQLERRM;
			RETURN NULL;
	END;

	SELECT StdPrecision
	    INTO v_Precision
	    FROM C_Currency
	    WHERE C_Currency_ID = v_Currency_ID;

	SELECT 1/10^v_Precision INTO v_Min;

		FOR ar IN 
		SELECT	pa.AD_Client_ID, pa.AD_Org_ID,
		pa.PayAmt, pa.DiscountAmt, pa.WriteOffAmt,
		pa.C_Currency_ID, pa.DateTrx
		FROM	C_Payment pa
		WHERE	pa.C_Order_ID = p_C_Order_ID 
                        --AND pa.IsAllocated = 'N' 
                      	AND   pa.DocStatus IN('CO', 'CL')
	LOOP
        v_Temp := ar.PayAmt + ar.DisCountAmt + ar.WriteOffAmt;
		v_PaidAmt := v_PaidAmt
        			+ currencyConvert(v_Temp,
				ar.C_Currency_ID, v_Currency_ID, ar.DateTrx, null, ar.AD_Client_ID, ar.AD_Org_ID);
      	RAISE NOTICE '   PaidAmt=% , Paymen= %', v_PaidAmt, v_Temp;
	END LOOP;

        IF (p_C_OrderPaySchedule_ID > 0) THEN         v_Remaining := v_PaidAmt;
        FOR s IN 
        	SELECT  C_OrderPaySchedule_ID, DueAmt
	        FROM    C_OrderPaySchedule
		WHERE	C_Order_ID = p_C_Order_ID
	        AND   IsValid='Y'
        	ORDER BY DueDate
        LOOP
            IF (s.C_OrderPaySchedule_ID = p_C_OrderPaySchedule_ID) THEN
                v_TotalOpenAmt := s.DueAmt - v_Remaining;
                IF (s.DueAmt - v_Remaining < 0) THEN
                    v_TotalOpenAmt := 0;
                END IF;
            ELSE                 v_Remaining := v_Remaining - s.DueAmt;
                IF (v_Remaining < 0) THEN
                    v_Remaining := 0;
                END IF;
            END IF;
        END LOOP;
    ELSE
        v_TotalOpenAmt := v_TotalOpenAmt - v_PaidAmt;
    END IF;

		IF (v_TotalOpenAmt > -v_Min AND v_TotalOpenAmt < v_Min) THEN
		v_TotalOpenAmt := 0;
	END IF;

		v_TotalOpenAmt := ROUND(COALESCE(v_TotalOpenAmt,0), v_Precision);
	RETURN	v_TotalOpenAmt;
END;

$function$
;
]]>
        </statement>
    </SQLMandatory>
    <SQLMandatory type="custom">
        <DBType>Postgres</DBType>
        <statement>
            <![CDATA[CREATE OR REPLACE FUNCTION adempiere.paymentrequestopen(p_requesttype character varying, p_record_id numeric, p_recordpayschedule_id numeric)
 RETURNS numeric
 LANGUAGE plpgsql
AS $function$
DECLARE
	v_TotalOpenAmt  	NUMERIC := 0;
	v_C_Invoice_ID		NUMERIC := 0;
    	v_C_InvoicePaySchedule_ID NUMERIC := 0; 
    	v_Min            	NUMERIC := 0;
    	v_PayAmtOrg		NUMERIC	:= 0;
    	v_PayAmt		NUMERIC	:= 0;
    	v_Result		NUMERIC	:= 0;
    	v_Currency_ID		NUMERIC	:= 0;
    	v_MultiplierAP		NUMERIC	:= 1;
    	v_MultiplierCM		NUMERIC	:= 1;
    	v_MultiplierAPI		NUMERIC	:= -1;
    	v_PayAmtRequest		NUMERIC	:= 0;
    	v_MultiplierPO		NUMERIC	:= 1;
    	v_Precision		NUMERIC	:= 0;
    	ar			RECORD;
    	s			RECORD;
    	v_Temp 			NUMERIC	:= 0;
    	v_PaidAmt		NUMERIC	:= 0;
    	v_Remaining 		NUMERIC	:= 0;
    	v_DueAmt		NUMERIC	:= 0;
    	v_CurrencyConvert	NUMERIC := 0;
BEGIN

	BEGIN
		SELECT	C_Currency_ID, InvoiceOpen(RV_C_Invoice.C_Invoice_ID,p_RecordPaySchedule_ID)  OpenAmt, 
			InvoicePaid(RV_C_Invoice.C_Invoice_ID,C_Currency_ID,1) * v_MultiplierAPI PaidAmt
		INTO	v_Currency_ID, v_TotalOpenAmt,v_PaidAmt
		FROM	RV_C_Invoice
		WHERE	RV_C_Invoice.C_Invoice_ID = p_Record_ID AND p_RequestType = 'API'
		UNION ALL 
		SELECT	C_Currency_ID,OrderOpen(C_Order_ID, p_RecordPaySchedule_ID) AS OpenAmt,
		Sum(GrandTotal) - OrderOpen(C_Order_ID, 0) AS PaidAmt 
		FROM	FTU_Order_V
		WHERE	C_Order_ID = p_Record_ID AND p_RequestType = 'POO'
		Group By C_Currency_ID,C_Order_ID;
	EXCEPTION	
		WHEN OTHERS THEN
		RAISE NOTICE 'InvoiceOpen - %', SQLERRM;
			RETURN NULL;
	END;

	RAISE NOTICE 'v_TotalOpenAmt,v_PaidAmt %,% ',v_TotalOpenAmt,v_PaidAmt;

	SELECT StdPrecision
	    INTO v_Precision
	    FROM C_Currency
	    WHERE C_Currency_ID = v_Currency_ID;

	SELECT 1/10^v_Precision INTO v_Min;

	FOR ar IN 
	SELECT prl.AD_Client_ID, prl.AD_Org_ID, SUM(prl.PayAmt) PayAmt,pr.C_Currency_ID,pr.DateDoc--, p.PayAmt PaymenAmt
		FROM FTU_PaymentRequestLine prl 
		INNER JOIN FTU_PaymentRequest pr ON (pr.FTU_PaymentRequest_ID = prl.FTU_PaymentRequest_ID)
		LEFT JOIN C_PaySelectionLine psl ON (psl.FTU_PaymentRequestLine_ID = prl.FTU_PaymentRequestLine_ID)
		LEFT  JOIN C_PaySelectionCheck psc ON (psc.C_PaySelectionCheck_ID = psl.C_PaySelectionCheck_ID)
		WHERE 
			((prl.C_Invoice_ID = p_Record_ID AND p_RequestType = 'API')
			OR
			 (prl.C_Order_ID = p_Record_ID AND p_RequestType = 'POO'))
			AND pr.DocStatus = 'CO'
			AND psc.C_Payment_ID IS NULL
		GROUP BY
			prl.AD_Client_ID, prl.AD_Org_ID,pr.C_Currency_ID,DateDoc--,p.PayAmt


	LOOP
		v_Temp := ar.PayAmt;
		v_PayAmtRequest := v_PayAmtRequest + currencyConvert(v_Temp * v_MultiplierCM,
				v_Currency_ID, --ar.C_Currency_ID, 
				v_Currency_ID, ar.DateDoc, null, ar.AD_Client_ID, ar.AD_Org_ID); 
		
		v_PaidAmt := v_PaidAmt + v_PayAmtRequest;

	END LOOP;
	IF (p_RecordPaySchedule_ID > 0) THEN --   if not valid = lists invoice amount
	  v_Remaining := v_PaidAmt;
	  FOR s IN 
		  SELECT  C_InvoicePaySchedule_ID AS RecordPaySchedule_ID, DueAmt,DueDate
		  FROM    C_InvoicePaySchedule
		  WHERE	C_Invoice_ID = p_Record_ID
		  AND   IsValid='Y' AND p_RequestType = 'API'
		  UNION ALL 
		  SELECT  C_OrderPaySchedule_ID AS RecordPaySchedule_ID, DueAmt,DueDate
		  FROM    C_OrderPaySchedule
		  WHERE	C_Order_ID = p_Record_ID
		  AND   IsValid='Y' AND p_RequestType = 'POO'
		  ORDER BY 3
		  
	  LOOP
		  IF (s.RecordPaySchedule_ID = p_RecordPaySchedule_ID) THEN
		  v_TotalOpenAmt := (s.DueAmt*v_MultiplierCM) - v_Remaining;
		  IF (s.DueAmt - v_Remaining < 0) THEN
		      v_TotalOpenAmt := 0;
		  END IF;
	      ELSE -- calculate amount, which can be allocated to next schedule
		  v_Remaining := v_Remaining - s.DueAmt;
		  IF (v_Remaining < 0) THEN
		      v_Remaining := 0;
		  END IF;
	      END IF;
	  END LOOP;
	ELSE
		RAISE NOTICE 'v_TotalOpenAmt %d', v_TotalOpenAmt;
		RAISE NOTICE 'v_PaidAmt %d', v_PaidAmt;
	    --v_TotalOpenAmt := v_TotalOpenAmt - v_PaidAmt;
	     v_TotalOpenAmt := v_TotalOpenAmt - v_PayAmtRequest;
	END IF;
    
    IF (COALESCE(v_TotalOpenAmt,0) > -v_Min AND COALESCE(v_TotalOpenAmt,0) < v_Min) THEN
	    v_TotalOpenAmt := 0;
    END IF;
    --	Round to currency precision
    v_TotalOpenAmt := ROUND(COALESCE(v_TotalOpenAmt,0), COALESCE(v_Precision,0));	

    RAISE NOTICE 'v_TotalOpenAmt % ',v_TotalOpenAmt;
    RETURN	v_TotalOpenAmt;
END;
$function$
;
]]>
        </statement>
    </SQLMandatory>
    <SQLMandatory type="custom">
        <DBType>Postgres</DBType>
        <statement>
            <![CDATA[alter table c_order add column prepaymentinvdisc char(2) default null;

CREATE OR REPLACE VIEW adempiere.ftu_rv_order_v
AS SELECT o.ad_client_id,
    o.ad_org_id,
    o.ad_orgtrx_id,
    o.ad_user_id,
    o.amountrefunded,
    o.amounttendered,
    o.bill_bpartner_id,
    o.bill_location_id,
    o.bill_user_id,
    o.c_activity_id,
    o.c_bpartner_id,
    o.c_bpartner_location_id,
    o.c_campaign_id,
    o.c_cashline_id,
    o.c_charge_id,
    o.c_conversiontype_id,
    o.c_currency_id,
    o.c_doctype_id,
    o.c_doctypetarget_id,
    o.chargeamt,
    o.copyfrom,
    o.c_order_id,
    o.c_ordersource_id,
    o.c_payment_id,
    o.c_paymentterm_id,
    o.c_pos_id,
    o.c_project_id,
    o.created,
    o.createdby,
    o.dateacct,
    o.dateordered,
    o.dateprinted,
    o.datepromised,
    o.deliveryrule,
    o.deliveryviarule,
    o.description,
    o.docaction,
    o.docstatus,
    o.documentno,
    o.dropship_bpartner_id,
    o.dropship_location_id,
    o.dropship_user_id,
    o.freightamt,
    o.freightcostrule,
        CASE
            WHEN o.ispayschedulevalid = 'N'::bpchar THEN o.grandtotal
            ELSE pps.dueamt
        END AS grandtotal,
    o.invoicerule,
    o.isactive,
    o.isapproved,
    o.iscreditapproved,
    o.isdelivered,
    o.isdiscountprinted,
    o.isdropship,
    o.isinvoiced,
    o.ispayschedulevalid,
    o.isprinted,
    o.isselected,
    o.isselfservice,
    o.issotrx,
    o.istaxincluded,
    o.istransferred,
    o.link_order_id,
    o.m_freightcategory_id,
    o.m_pricelist_id,
    o.m_shipper_id,
    o.m_warehouse_id,
    o.ordertype,
    o.pay_bpartner_id,
    o.pay_location_id,
    o.paymentrule,
    o.poreference,
    o.posted,
    o.priorityrule,
    o.processed,
    o.processedon,
    o.processing,
    o.promotioncode,
    o.ref_order_id,
    o.salesrep_id,
    o.sendemail,
    o.totallines,
    o.updated,
    o.updatedby,
    o.user1_id,
    o.user2_id,
    o.volume,
    o.weight,
    pps.c_orderpayschedule_id,
    pps.dueamt,
    pps.duedate
   FROM c_order o
     LEFT JOIN c_orderpayschedule pps ON pps.c_order_id = o.c_order_id;]]>
        </statement>
    </SQLMandatory>
    <SQLMandatory type="custom">
        <DBType>Postgres</DBType>
        <statement>
            <![CDATA[CREATE OR REPLACE VIEW adempiere.ftu_rv_openpayment
AS SELECT t.ad_client_id,
    t.ad_org_id,
    t.documentno,
    t.record_id,
    t.c_bpartner_id,
    t.datedoc,
    t.dateacct,
    t.openamt,
    t.c_doctype_id,
    t.issotrx,
    t.requesttype,
    t.duedate,
    bp.name,
    t.prepaidamt,
    t.allocatedamt,
    t.grandtotal,
    t.docstatus,
    t.c_currency_id,
    t.c_conversiontype_id
   FROM ( SELECT rv_openitem.ad_client_id,
            rv_openitem.ad_org_id,
            rv_openitem.documentno,
            rv_openitem.c_invoice_id AS record_id,
            rv_openitem.c_bpartner_id,
            rv_openitem.dateinvoiced AS datedoc,
            rv_openitem.dateacct,
            paymentrequestopen('API'::character varying, rv_openitem.c_invoice_id, rv_openitem.c_invoicepayschedule_id) AS openamt,
            rv_openitem.c_doctype_id,
            rv_openitem.issotrx,
            'API'::text AS requesttype,
            rv_openitem.duedate,
            rv_openitem.grandtotal,
            COALESCE(pay.payamt, 0::numeric) AS prepaidamt,
            COALESCE(rv_openitem.paidamt, 0::numeric) AS allocatedamt,
            rv_openitem.docstatus,
            rv_openitem.c_currency_id,
            rv_openitem.c_conversiontype_id
           FROM rv_openitem
             LEFT JOIN ( SELECT c_payment.c_order_id,
                    sum(c_payment.payamt) AS payamt
                   FROM c_payment
                  WHERE (c_payment.docstatus = ANY (ARRAY['CO'::bpchar, 'CL'::bpchar])) AND c_payment.isallocated = 'N'::bpchar
                  GROUP BY c_payment.c_order_id) pay ON pay.c_order_id = rv_openitem.c_order_id
        UNION ALL
         SELECT ftu_order_v.ad_client_id,
            ftu_order_v.ad_org_id,
            ftu_order_v.documentno,
            ftu_order_v.c_order_id AS record_id,
            ftu_order_v.c_bpartner_id,
            ftu_order_v.dateordered AS datedoc,
            ftu_order_v.dateacct,
            paymentrequestopen('POO'::character varying, ftu_order_v.c_order_id, ftu_order_v.c_orderpayschedule_id) AS openamt,
            ftu_order_v.c_doctype_id,
            ftu_order_v.issotrx,
            'POO'::text AS requesttype,
            ftu_order_v.duedate,
            ftu_order_v.grandtotal,
            0::numeric AS prepaidamt,
            0::numeric AS allocatedamt,
            ftu_order_v.docstatus,
            ftu_order_v.c_currency_id,
            ftu_order_v.c_conversiontype_id
           FROM ftu_order_v
          WHERE ftu_order_v.docstatus = 'WP'::bpchar OR ftu_order_v.docstatus = 'CO'::bpchar AND (EXISTS ( SELECT 1
                   FROM c_doctype dt
                  WHERE ftu_order_v.c_doctype_id = dt.c_doctype_id AND (dt.docsubtypeso = 'SO'::bpchar OR dt.docbasetype = 'POO'::bpchar))) AND (EXISTS ( SELECT 1
                   FROM c_orderline ol
                  WHERE ftu_order_v.c_order_id = ol.c_order_id AND ol.qtyinvoiced <> ol.qtyordered))
        UNION ALL
         SELECT glj.ad_client_id,
            glj.ad_org_id,
            glj.documentno,
            glj.gl_journal_id AS record_id,
            glj.c_bpartner_id,
            glj.datedoc,
            glj.dateacct,
            sum(gljl.amtsourcecr) - COALESCE(t_1.payamt, 0::numeric) AS openamt,
            glj.c_doctype_id,
            'N'::bpchar AS issotrx,
            'GLJ'::text AS requesttype,
            glj.datedoc AS duedate,
            NULL::numeric AS grandtotal,
            0::numeric AS prepaidamt,
            0::numeric AS allocatedamt,
            glj.docstatus,
            glj.c_currency_id,
            glj.c_conversiontype_id
           FROM gl_journal glj
             JOIN gl_journalline gljl ON glj.gl_journal_id = gljl.gl_journal_id
             JOIN ( SELECT DISTINCT dt.account_id
                   FROM c_doctype dt
                  WHERE dt.isactive = 'Y'::bpchar) dtacc ON dtacc.account_id = gljl.account_id
             LEFT JOIN ( SELECT prl.gl_journal_id,
                    sum(prl.payamt) AS payamt
                   FROM ftu_paymentrequestline prl
                     JOIN ftu_paymentrequest pr ON pr.ftu_paymentrequest_id = prl.ftu_paymentrequest_id
                  WHERE pr.docstatus::text = ANY (ARRAY['CO'::character varying::text, 'CL'::character varying::text])
                  GROUP BY prl.gl_journal_id) t_1 ON t_1.gl_journal_id = glj.gl_journal_id
          WHERE glj.c_bpartner_id IS NOT NULL
          GROUP BY glj.ad_client_id, glj.ad_org_id, glj.documentno, glj.gl_journal_id, glj.c_bpartner_id, glj.datedoc, glj.dateacct, glj.c_doctype_id, glj.docstatus, glj.c_currency_id, glj.c_conversiontype_id, t_1.payamt) t
     JOIN c_bpartner bp ON t.c_bpartner_id = bp.c_bpartner_id;]]>
        </statement>
    </SQLMandatory>
    <SQLMandatory type="custom">
        <DBType>Postgres</DBType>
        <statement>
            <![CDATA[CREATE OR REPLACE FUNCTION FTU_AssemblyRecordOpen(p_COP_AssemblyRecordLine_ID NUMERIC)
RETURNS NUMERIC
LANGUAGE plpgsql
STABLE
AS $$
DECLARE
	v_Currency_ID NUMERIC(10) := 0;
	v_TotalOpenAmt NUMERIC := 0;
	v_PaidAmt NUMERIC := 0;
	v_Precision NUMERIC := 0;
	v_Min NUMERIC := 0;
	ar RECORD;
BEGIN
	SELECT
		ca2.c_currency_id 
		, ca.payamt 
		, cc.stdprecision 
		INTO
		v_Currency_ID
		, v_TotalOpenAmt
		, v_Precision
	FROM cop_assemblyrecordline ca 
	INNER JOIN cop_assemblyrecord ca2 ON ca2.cop_assemblyrecord_id = ca.cop_assemblyrecord_id 
	INNER JOIN c_currency cc ON cc.c_currency_id = ca2.c_currency_id 
	WHERE ca.cop_assemblyrecordline_id = p_COP_AssemblyRecordLine_ID;
	
	v_Min := 1/10^v_Precision;
	
	FOR ar IN
		SELECT
			SUM(
				COALESCE(currencyconvert(cp.payamt + cp.discountamt + cp.writeoffamt
					, cp3.c_currency_id, v_Currency_ID, cp3.datetrx, null, cp3.ad_client_id, cp3.ad_org_id), 0)
			) AS convertedAmt
		FROM cop_assemblyrecordline ca 
		INNER JOIN ftu_paymentrequestline fp ON fp.cop_assemblyrecordline_id = ca.cop_assemblyrecordline_id 
		INNER JOIN c_payselectionline cp ON cp.ftu_paymentrequestline_id = fp.ftu_paymentrequestline_id 
		INNER JOIN c_payselectioncheck cp2 ON cp2.c_payselectioncheck_id = cp.c_payselectioncheck_id 
		INNER JOIN c_payment cp3 ON cp3.c_payment_id = cp2.c_payment_id 
		WHERE ca.cop_assemblyrecordline_id = p_COP_AssemblyRecordLine_ID
		AND cp3.docstatus IN ('CO', 'CL')
	LOOP
		v_PaidAmt := v_PaidAmt + ar.convertedAmt;
	END LOOP;
	
	v_TotalOpenAmt := v_TotalOpenAmt - COALESCE(v_PaidAmt, 0);
	--IGNORE ROUNDING
	
	IF (v_TotalOpenAmt > -v_Min AND v_TotalOpenAmt < v_Min) THEN
		v_TotalOpenAmt := 0;
	END IF;
	
	--Round to Currency Precision
	v_TotalOpenAmt = ROUND(COALESCE(v_TotalOpenAmt, 0), v_Precision);
	RETURN v_TotalOpenAmt;
END;$$
]]>
        </statement>
    </SQLMandatory>
    <SQLMandatory type="custom">
        <DBType>Postgres</DBType>
        <statement>
            <![CDATA[
CREATE OR REPLACE FUNCTION paymentRequestOpenByAssemblyRecordLine(p_COP_AssemblyRecordLine_ID NUMERIC)
	RETURNS NUMERIC
	LANGUAGE plpgsql
AS $$
DECLARE
	v_TotalOpenAmt NUMERIC := 0;
			 v_Min NUMERIC := 0;
	 v_Currency_ID NUMERIC := 0;
	     v_PaidAmt NUMERIC := 0;
	   v_Precision NUMERIC := 0;
   v_PayAmtRequest NUMERIC := 0;
	                  ar RECORD;
BEGIN
	BEGIN
		SELECT
			ca2.c_currency_id
			, ftu_assemblyrecordopen(ca.cop_assemblyrecordline_id)
			, cc.stdprecision 
			, ca.payamt 
			INTO
			v_Currency_ID
			, v_TotalOpenAmt
			, v_Precision
			, v_PaidAmt
		FROM cop_assemblyrecordline ca 
		INNER JOIN cop_assemblyrecord ca2 ON (ca2.cop_assemblyrecord_id = ca.cop_assemblyrecord_id)
		INNER JOIN c_currency cc ON (cc.c_currency_id = ca2.c_currency_id)
		WHERE ca.cop_assemblyrecordline_id = p_COP_AssemblyRecordLine_ID;
	EXCEPTION
		WHEN OTHERS THEN
		RAISE NOTICE 'Payment Request Open - %', SQLERRM;
			RETURN NULL;
	END;
	
	v_PaidAmt := v_PaidAmt - v_TotalOpenAmt;
	
	v_Min := 1/10^v_Precision;
	
	SELECT
		COALESCE(SUM(currencyconvert(fp.payamt, fp2.c_currency_id, v_Currency_ID, fp2.datedoc, null
			, fp.ad_client_id, fp.ad_org_id)), 0)
		INTO
		v_PayAmtRequest
	FROM ftu_paymentrequestline fp 
	INNER JOIN ftu_paymentrequest fp2 ON (fp2.ftu_paymentrequest_id= fp.ftu_paymentrequest_id)
	LEFT JOIN c_payselectionline cp ON (cp.ftu_paymentrequestline_id = fp.ftu_paymentrequestline_id)
	LEFT JOIN c_payselectioncheck cp2 ON (cp2.c_payselectioncheck_id = cp.c_payselectioncheck_id)
	WHERE fp.cop_assemblyrecordline_id = p_COP_AssemblyRecordLine_ID
	AND fp2.requesttype = 'CAR'
	AND fp2.docstatus = 'CO'
	AND cp2.c_payment_id IS NULL;
	
	v_PaidAmt := v_PaidAmt + v_PayAmtRequest;
	
	v_TotalOpenAmt := v_TotalOpenAmt - v_PayAmtRequest;
	v_TotalOpenAmt := COALESCE(ROUND(v_TotalOpenAmt, v_Precision), 0);
	RETURN v_TotalOpenAmt;
END; $$]]>
        </statement>
    </SQLMandatory>
</idempiere>
