<?xml version="1.0" encoding="UTF-8"?><idempiere Name="AD_Process" Version="1.0.0" idempiereVersion="7.1.0.qualifier" DataBaseVersion="2019-11-22" Description="" Author="jColmenarez" AuthorEmail="" CreatedDate="Wed Apr 15 14:49:29 VET 2020" UpdatedDate="Wed Apr 15 14:49:29 VET 2020" PackOutVersion="100" UpdateDictionary="true" Client="0-SYSTEM-System" AD_Client_UU="11237b53-9592-4af1-b3c5-afd216514b5d">
    <AD_Process type="table">
        <AD_Client_ID>0</AD_Client_ID>
        <AD_Org_ID>0</AD_Org_ID>
        <IsActive>Y</IsActive>
        <Name>Create From ...</Name>
        <Description/>
        <Help/>
        <ProcedureName/>
        <IsReport>N</IsReport>
        <Value>FTUC_PaySelection_CreateFrom</Value>
        <IsDirectPrint>N</IsDirectPrint>
        <AD_ReportView_ID reference="id"/>
        <Classname>net.frontuari.payselection.process.PaySelectionCreateFrom</Classname>
        <AccessLevel>1</AccessLevel>
        <EntityType>FTU</EntityType>
        <Statistic_Count>5</Statistic_Count>
        <Statistic_Seconds>5</Statistic_Seconds>
        <AD_PrintFormat_ID reference="id"/>
        <WorkflowValue/>
        <AD_Workflow_ID reference="id"/>
        <IsBetaFunctionality>N</IsBetaFunctionality>
        <IsServerProcess>N</IsServerProcess>
        <ShowHelp>Y</ShowHelp>
        <JasperReport/>
        <AD_Form_ID reference="id"/>
        <CopyFromProcess/>
        <AD_Process_UU>408f82fc-7b51-411b-b8f6-a3d6ee64b745</AD_Process_UU>
        <AD_CtxHelp_ID reference="id"/>
        <ExecutionType/>
        <AllowMultipleExecution>P</AllowMultipleExecution>
        <AD_Process_Trl type="translation">
            <Help/>
            <Description/>
            <Name>Crear Desde</Name>
            <AD_Language>es_CO</AD_Language>
            <IsActive>Y</IsActive>
            <IsTranslated>N</IsTranslated>
        </AD_Process_Trl>
        <AD_Process_Trl type="translation">
            <Help/>
            <Description/>
            <Name>Create From ...</Name>
            <AD_Language>es_VE</AD_Language>
            <IsActive>Y</IsActive>
            <IsTranslated>N</IsTranslated>
        </AD_Process_Trl>
        <AD_Reference type="table">
            <AD_Reference_ID>19</AD_Reference_ID>
            <AD_Client_ID>0</AD_Client_ID>
            <AD_Org_ID>0</AD_Org_ID>
            <AD_Reference_ID>19</AD_Reference_ID>
            <Name>Table Direct</Name>
            <Description>Direct Table Access</Description>
            <Help/>
            <ValidationType>D</ValidationType>
            <IsActive>Y</IsActive>
            <VFormat/>
            <EntityType>D</EntityType>
            <IsOrderByValue>N</IsOrderByValue>
            <AD_Reference_UU>85767149-7019-4224-a8d0-41f0d9d77d47</AD_Reference_UU>
            <AD_Element_ID reference="id"/>
            <AD_Reference_Trl type="translation">
                <Help/>
                <Name>Tabla Directa</Name>
                <Description>Acceso directo de tabla</Description>
                <AD_Language>es_CO</AD_Language>
                <IsActive>Y</IsActive>
                <IsTranslated>Y</IsTranslated>
            </AD_Reference_Trl>
            <AD_Reference_Trl type="translation">
                <Help/>
                <Name>Table Direct</Name>
                <Description>Direct Table Access</Description>
                <AD_Language>es_VE</AD_Language>
                <IsActive>Y</IsActive>
                <IsTranslated>N</IsTranslated>
            </AD_Reference_Trl>
        </AD_Reference>
        <AD_Val_Rule type="table">
            <AD_Val_Rule_ID>269</AD_Val_Rule_ID>
            <AD_Client_ID>0</AD_Client_ID>
            <AD_Org_ID>0</AD_Org_ID>
            <AD_Val_Rule_ID>269</AD_Val_Rule_ID>
            <Name>C_BP_BankAccount of BPartner</Name>
            <Description/>
            <Type>S</Type>
            <Code>C_BP_BankAccount.C_BPartner_ID=@C_BPartner_ID@</Code>
            <IsActive>Y</IsActive>
            <EntityType>D</EntityType>
            <AD_Val_Rule_UU>fa7f12fc-3a0a-4c2e-9f83-2c690168c36d</AD_Val_Rule_UU>
        </AD_Val_Rule>
        <AD_Element type="table">
            <AD_Element_ID>837</AD_Element_ID>
            <AD_Client_ID>0</AD_Client_ID>
            <AD_Org_ID>0</AD_Org_ID>
            <AD_Element_ID>837</AD_Element_ID>
            <IsActive>Y</IsActive>
            <ColumnName>C_BP_BankAccount_ID</ColumnName>
            <Name>Partner Bank Account</Name>
            <Description>Bank Account of the Business Partner</Description>
            <Help>The Partner Bank Account identifies the bank account to be used for this Business Partner</Help>
            <PrintName>Partner Bank Account</PrintName>
            <PO_Description/>
            <PO_Help/>
            <PO_Name/>
            <PO_PrintName/>
            <EntityType>D</EntityType>
            <AD_Element_UU>aa98370a-2d5e-46ce-8bae-02fc05377586</AD_Element_UU>
            <Placeholder/>
            <AD_Element_Trl type="translation">
                <Help>La cuenta bancaria del tercero identifica la cuenta bancaria a ser usada por este tercero</Help>
                <PO_Description/>
                <PO_Help/>
                <Name>Cuenta Bancaria Tercero</Name>
                <Description>Cuenta bancaria del tercero</Description>
                <PrintName>Cuenta Bancaria Tercero</PrintName>
                <PO_Name/>
                <PO_PrintName/>
                <Placeholder/>
                <AD_Language>es_CO</AD_Language>
                <IsActive>Y</IsActive>
                <IsTranslated>Y</IsTranslated>
            </AD_Element_Trl>
            <AD_Element_Trl type="translation">
                <Help>The Partner Bank Account identifies the bank account to be used for this Business Partner</Help>
                <PO_Description/>
                <PO_Help/>
                <Name>Partner Bank Account</Name>
                <Description>Bank Account of the Business Partner</Description>
                <PrintName>Partner Bank Account</PrintName>
                <PO_Name/>
                <PO_PrintName/>
                <Placeholder/>
                <AD_Language>es_VE</AD_Language>
                <IsActive>Y</IsActive>
                <IsTranslated>N</IsTranslated>
            </AD_Element_Trl>
        </AD_Element>
        <AD_Process_Para type="table">
            <AD_Client_ID>0</AD_Client_ID>
            <AD_Org_ID>0</AD_Org_ID>
            <IsActive>Y</IsActive>
            <Name>Partner Bank Account</Name>
            <Description>Bank Account of the Business Partner</Description>
            <Help>The Partner Bank Account identifies the bank account to be used for this Business Partner</Help>
            <AD_Process_ID reference="uuid" reference-key="AD_Process">408f82fc-7b51-411b-b8f6-a3d6ee64b745</AD_Process_ID>
            <SeqNo>130</SeqNo>
            <AD_Reference_ID reference="id">19</AD_Reference_ID>
            <AD_Reference_Value_ID reference="id"/>
            <IsRange>N</IsRange>
            <AD_Val_Rule_ID reference="id">269</AD_Val_Rule_ID>
            <FieldLength>0</FieldLength>
            <IsMandatory>N</IsMandatory>
            <DefaultValue/>
            <VFormat/>
            <ValueMin/>
            <ValueMax/>
            <ColumnName>C_BP_BankAccount_ID</ColumnName>
            <DefaultValue2/>
            <IsCentrallyMaintained>Y</IsCentrallyMaintained>
            <EntityType>FTU</EntityType>
            <AD_Element_ID reference="id">837</AD_Element_ID>
            <ReadOnlyLogic/>
            <DisplayLogic/>
            <AD_Process_Para_UU>9a8ff334-7064-4013-bb2e-30dc81addd29</AD_Process_Para_UU>
            <IsEncrypted>N</IsEncrypted>
            <MandatoryLogic/>
            <Placeholder/>
            <Placeholder2/>
            <AD_Process_Para_Trl type="translation">
                <Help>La cuenta bancaria del tercero identifica la cuenta bancaria a ser usada por este tercero</Help>
                <Name>Cuenta Bancaria Tercero</Name>
                <Description>Cuenta bancaria del tercero</Description>
                <Placeholder/>
                <Placeholder2/>
                <AD_Language>es_CO</AD_Language>
                <IsActive>Y</IsActive>
                <IsTranslated>Y</IsTranslated>
            </AD_Process_Para_Trl>
            <AD_Process_Para_Trl type="translation">
                <Help>The Partner Bank Account identifies the bank account to be used for this Business Partner</Help>
                <Name>Partner Bank Account</Name>
                <Description>Bank Account of the Business Partner</Description>
                <Placeholder/>
                <Placeholder2/>
                <AD_Language>es_VE</AD_Language>
                <IsActive>Y</IsActive>
                <IsTranslated>N</IsTranslated>
            </AD_Process_Para_Trl>
        </AD_Process_Para>
        <AD_Reference type="table">
            <AD_Reference_ID>20</AD_Reference_ID>
            <AD_Client_ID>0</AD_Client_ID>
            <AD_Org_ID>0</AD_Org_ID>
            <AD_Reference_ID>20</AD_Reference_ID>
            <Name>Yes-No</Name>
            <Description>CheckBox</Description>
            <Help/>
            <ValidationType>D</ValidationType>
            <IsActive>Y</IsActive>
            <VFormat/>
            <EntityType>D</EntityType>
            <IsOrderByValue>N</IsOrderByValue>
            <AD_Reference_UU>1dab6dbd-8d84-4ba5-87df-e2ca93d2c976</AD_Reference_UU>
            <AD_Element_ID reference="id"/>
            <AD_Reference_Trl type="translation">
                <Help/>
                <Name>Si/No</Name>
                <Description>Cuadro de Verificación</Description>
                <AD_Language>es_CO</AD_Language>
                <IsActive>Y</IsActive>
                <IsTranslated>Y</IsTranslated>
            </AD_Reference_Trl>
            <AD_Reference_Trl type="translation">
                <Help/>
                <Name>Yes-No</Name>
                <Description>CheckBox</Description>
                <AD_Language>es_VE</AD_Language>
                <IsActive>Y</IsActive>
                <IsTranslated>N</IsTranslated>
            </AD_Reference_Trl>
        </AD_Reference>
        <AD_Process_Para type="table">
            <AD_Client_ID>0</AD_Client_ID>
            <AD_Org_ID>0</AD_Org_ID>
            <IsActive>Y</IsActive>
            <Name>Create Check</Name>
            <Description/>
            <Help/>
            <AD_Process_ID reference="uuid" reference-key="AD_Process">408f82fc-7b51-411b-b8f6-a3d6ee64b745</AD_Process_ID>
            <SeqNo>120</SeqNo>
            <AD_Reference_ID reference="id">20</AD_Reference_ID>
            <AD_Reference_Value_ID reference="id"/>
            <IsRange>N</IsRange>
            <AD_Val_Rule_ID reference="id"/>
            <FieldLength>0</FieldLength>
            <IsMandatory>N</IsMandatory>
            <DefaultValue>Y</DefaultValue>
            <VFormat/>
            <ValueMin/>
            <ValueMax/>
            <ColumnName>IsCreateCheck</ColumnName>
            <DefaultValue2/>
            <IsCentrallyMaintained>N</IsCentrallyMaintained>
            <EntityType>FTU</EntityType>
            <AD_Element_ID reference="id"/>
            <ReadOnlyLogic/>
            <DisplayLogic>@IsManual@=Y</DisplayLogic>
            <AD_Process_Para_UU>6d82f582-020d-4783-9ec3-2e2cc47324c4</AD_Process_Para_UU>
            <IsEncrypted>N</IsEncrypted>
            <MandatoryLogic/>
            <Placeholder/>
            <Placeholder2/>
            <AD_Process_Para_Trl type="translation">
                <Help/>
                <Name>Confirmar</Name>
                <Description/>
                <Placeholder/>
                <Placeholder2/>
                <AD_Language>es_CO</AD_Language>
                <IsActive>Y</IsActive>
                <IsTranslated>N</IsTranslated>
            </AD_Process_Para_Trl>
            <AD_Process_Para_Trl type="translation">
                <Help/>
                <Name>Confirmar</Name>
                <Description/>
                <Placeholder/>
                <Placeholder2/>
                <AD_Language>es_VE</AD_Language>
                <IsActive>Y</IsActive>
                <IsTranslated>N</IsTranslated>
            </AD_Process_Para_Trl>
        </AD_Process_Para>
        <AD_Reference type="table">
            <AD_Reference_ID>12</AD_Reference_ID>
            <AD_Client_ID>0</AD_Client_ID>
            <AD_Org_ID>0</AD_Org_ID>
            <AD_Reference_ID>12</AD_Reference_ID>
            <Name>Amount</Name>
            <Description>Number with 4 decimals</Description>
            <Help/>
            <ValidationType>D</ValidationType>
            <IsActive>Y</IsActive>
            <VFormat/>
            <EntityType>D</EntityType>
            <IsOrderByValue>N</IsOrderByValue>
            <AD_Reference_UU>75558709-04db-4ea0-8a21-ee4dc1dff574</AD_Reference_UU>
            <AD_Element_ID reference="id"/>
            <AD_Reference_Trl type="translation">
                <Help/>
                <Name>Monto</Name>
                <Description>Número con 4 decimales</Description>
                <AD_Language>es_CO</AD_Language>
                <IsActive>Y</IsActive>
                <IsTranslated>Y</IsTranslated>
            </AD_Reference_Trl>
            <AD_Reference_Trl type="translation">
                <Help/>
                <Name>Amount</Name>
                <Description>Number with 4 decimals</Description>
                <AD_Language>es_VE</AD_Language>
                <IsActive>Y</IsActive>
                <IsTranslated>N</IsTranslated>
            </AD_Reference_Trl>
        </AD_Reference>
        <AD_Element type="table">
            <AD_Element_ID>1477</AD_Element_ID>
            <AD_Client_ID>0</AD_Client_ID>
            <AD_Org_ID>0</AD_Org_ID>
            <AD_Element_ID>1477</AD_Element_ID>
            <IsActive>Y</IsActive>
            <ColumnName>PayAmt</ColumnName>
            <Name>Payment amount</Name>
            <Description>Amount being paid</Description>
            <Help>Indicates the amount this payment is for.  The payment amount can be for single or multiple invoices or a partial payment for an invoice.</Help>
            <PrintName>Payment Amt</PrintName>
            <PO_Description/>
            <PO_Help/>
            <PO_Name/>
            <PO_PrintName/>
            <EntityType>D</EntityType>
            <AD_Element_UU>5cc60d92-8d5b-44f5-940a-4800d5e638f3</AD_Element_UU>
            <Placeholder/>
            <AD_Element_Trl type="translation">
                <Help>Indica el total a pagar. El total del pago puede ser para una factura simple, múltiple o un pago parcial de una factura.</Help>
                <PO_Description/>
                <PO_Help/>
                <Name>Total del Pago</Name>
                <Description>Total siendo pagado</Description>
                <PrintName>Total del Pago</PrintName>
                <PO_Name/>
                <PO_PrintName/>
                <Placeholder/>
                <AD_Language>es_CO</AD_Language>
                <IsActive>Y</IsActive>
                <IsTranslated>Y</IsTranslated>
            </AD_Element_Trl>
            <AD_Element_Trl type="translation">
                <Help>Indicates the amount this payment is for.  The payment amount can be for single or multiple invoices or a partial payment for an invoice.</Help>
                <PO_Description/>
                <PO_Help/>
                <Name>Payment amount</Name>
                <Description>Amount being paid</Description>
                <PrintName>Payment Amt</PrintName>
                <PO_Name/>
                <PO_PrintName/>
                <Placeholder/>
                <AD_Language>es_VE</AD_Language>
                <IsActive>Y</IsActive>
                <IsTranslated>N</IsTranslated>
            </AD_Element_Trl>
        </AD_Element>
        <AD_Process_Para type="table">
            <AD_Client_ID>0</AD_Client_ID>
            <AD_Org_ID>0</AD_Org_ID>
            <IsActive>Y</IsActive>
            <Name>Payment amount</Name>
            <Description>Amount being paid</Description>
            <Help>Indicates the amount this payment is for.  The payment amount can be for single or multiple invoices or a partial payment for an invoice.</Help>
            <AD_Process_ID reference="uuid" reference-key="AD_Process">408f82fc-7b51-411b-b8f6-a3d6ee64b745</AD_Process_ID>
            <SeqNo>110</SeqNo>
            <AD_Reference_ID reference="id">12</AD_Reference_ID>
            <AD_Reference_Value_ID reference="id"/>
            <IsRange>N</IsRange>
            <AD_Val_Rule_ID reference="id"/>
            <FieldLength>0</FieldLength>
            <IsMandatory>N</IsMandatory>
            <DefaultValue>0</DefaultValue>
            <VFormat/>
            <ValueMin/>
            <ValueMax/>
            <ColumnName>PayAmt</ColumnName>
            <DefaultValue2/>
            <IsCentrallyMaintained>Y</IsCentrallyMaintained>
            <EntityType>FTU</EntityType>
            <AD_Element_ID reference="id">1477</AD_Element_ID>
            <ReadOnlyLogic/>
            <DisplayLogic>@IsManual@=Y</DisplayLogic>
            <AD_Process_Para_UU>62ed723b-00dc-49d7-b944-007ba51170ec</AD_Process_Para_UU>
            <IsEncrypted>N</IsEncrypted>
            <MandatoryLogic>@IsManual@=Y</MandatoryLogic>
            <Placeholder/>
            <Placeholder2/>
            <AD_Process_Para_Trl type="translation">
                <Help>Indica el total a pagar. El total del pago puede ser para una factura simple, múltiple o un pago parcial de una factura.</Help>
                <Name>Total del Pago</Name>
                <Description>Total siendo pagado</Description>
                <Placeholder/>
                <Placeholder2/>
                <AD_Language>es_CO</AD_Language>
                <IsActive>Y</IsActive>
                <IsTranslated>Y</IsTranslated>
            </AD_Process_Para_Trl>
            <AD_Process_Para_Trl type="translation">
                <Help>Indicates the amount this payment is for.  The payment amount can be for single or multiple invoices or a partial payment for an invoice.</Help>
                <Name>Payment amount</Name>
                <Description>Amount being paid</Description>
                <Placeholder/>
                <Placeholder2/>
                <AD_Language>es_VE</AD_Language>
                <IsActive>Y</IsActive>
                <IsTranslated>N</IsTranslated>
            </AD_Process_Para_Trl>
        </AD_Process_Para>
        <AD_Element type="table">
            <AD_Element_ID>1474</AD_Element_ID>
            <AD_Client_ID>0</AD_Client_ID>
            <AD_Org_ID>0</AD_Org_ID>
            <AD_Element_ID>1474</AD_Element_ID>
            <IsActive>Y</IsActive>
            <ColumnName>IsManual</ColumnName>
            <Name>Manual</Name>
            <Description>This is a manual process</Description>
            <Help>The Manual check box indicates if the process will done manually.</Help>
            <PrintName>Manual</PrintName>
            <PO_Description/>
            <PO_Help/>
            <PO_Name/>
            <PO_PrintName/>
            <EntityType>D</EntityType>
            <AD_Element_UU>92c8e89f-e001-4321-9d58-ca92543237a4</AD_Element_UU>
            <Placeholder/>
            <AD_Element_Trl type="translation">
                <Help>El cuadro de verificación manual indica si el proceso será hecho manualmente.</Help>
                <PO_Description/>
                <PO_Help/>
                <Name>Manual</Name>
                <Description>Éste es un proceso manual.</Description>
                <PrintName>Manual</PrintName>
                <PO_Name/>
                <PO_PrintName/>
                <Placeholder/>
                <AD_Language>es_CO</AD_Language>
                <IsActive>Y</IsActive>
                <IsTranslated>Y</IsTranslated>
            </AD_Element_Trl>
            <AD_Element_Trl type="translation">
                <Help>The Manual check box indicates if the process will done manually.</Help>
                <PO_Description/>
                <PO_Help/>
                <Name>Manual</Name>
                <Description>This is a manual process</Description>
                <PrintName>Manual</PrintName>
                <PO_Name/>
                <PO_PrintName/>
                <Placeholder/>
                <AD_Language>es_VE</AD_Language>
                <IsActive>Y</IsActive>
                <IsTranslated>N</IsTranslated>
            </AD_Element_Trl>
        </AD_Element>
        <AD_Process_Para type="table">
            <AD_Client_ID>0</AD_Client_ID>
            <AD_Org_ID>0</AD_Org_ID>
            <IsActive>Y</IsActive>
            <Name>Manual</Name>
            <Description>This is a manual process</Description>
            <Help>The Manual check box indicates if the process will done manually.</Help>
            <AD_Process_ID reference="uuid" reference-key="AD_Process">408f82fc-7b51-411b-b8f6-a3d6ee64b745</AD_Process_ID>
            <SeqNo>10</SeqNo>
            <AD_Reference_ID reference="id">20</AD_Reference_ID>
            <AD_Reference_Value_ID reference="id"/>
            <IsRange>N</IsRange>
            <AD_Val_Rule_ID reference="id"/>
            <FieldLength>0</FieldLength>
            <IsMandatory>Y</IsMandatory>
            <DefaultValue>Y</DefaultValue>
            <VFormat/>
            <ValueMin/>
            <ValueMax/>
            <ColumnName>IsManual</ColumnName>
            <DefaultValue2/>
            <IsCentrallyMaintained>Y</IsCentrallyMaintained>
            <EntityType>FTU</EntityType>
            <AD_Element_ID reference="id">1474</AD_Element_ID>
            <ReadOnlyLogic/>
            <DisplayLogic/>
            <AD_Process_Para_UU>cc6cbe07-ad9d-4b59-9d62-3f04bf409b44</AD_Process_Para_UU>
            <IsEncrypted>N</IsEncrypted>
            <MandatoryLogic/>
            <Placeholder/>
            <Placeholder2/>
            <AD_Process_Para_Trl type="translation">
                <Help>El cuadro de verificación manual indica si el proceso será hecho manualmente.</Help>
                <Name>Manual</Name>
                <Description>Éste es un proceso manual.</Description>
                <Placeholder/>
                <Placeholder2/>
                <AD_Language>es_CO</AD_Language>
                <IsActive>Y</IsActive>
                <IsTranslated>Y</IsTranslated>
            </AD_Process_Para_Trl>
            <AD_Process_Para_Trl type="translation">
                <Help>The Manual check box indicates if the process will done manually.</Help>
                <Name>Manual</Name>
                <Description>This is a manual process</Description>
                <Placeholder/>
                <Placeholder2/>
                <AD_Language>es_VE</AD_Language>
                <IsActive>Y</IsActive>
                <IsTranslated>N</IsTranslated>
            </AD_Process_Para_Trl>
        </AD_Process_Para>
        <AD_Reference type="table">
            <AD_Reference_ID>30</AD_Reference_ID>
            <AD_Client_ID>0</AD_Client_ID>
            <AD_Org_ID>0</AD_Org_ID>
            <AD_Reference_ID>30</AD_Reference_ID>
            <Name>Search</Name>
            <Description>Search Field</Description>
            <Help/>
            <ValidationType>D</ValidationType>
            <IsActive>Y</IsActive>
            <VFormat/>
            <EntityType>D</EntityType>
            <IsOrderByValue>N</IsOrderByValue>
            <AD_Reference_UU>199e084e-6ad2-4bcd-8f5e-fdd08f4c0748</AD_Reference_UU>
            <AD_Element_ID reference="id"/>
            <AD_Reference_Trl type="translation">
                <Help/>
                <Name>Búsqueda</Name>
                <Description>Campo de Búsqueda</Description>
                <AD_Language>es_CO</AD_Language>
                <IsActive>Y</IsActive>
                <IsTranslated>Y</IsTranslated>
            </AD_Reference_Trl>
            <AD_Reference_Trl type="translation">
                <Help/>
                <Name>Search</Name>
                <Description>Search Field</Description>
                <AD_Language>es_VE</AD_Language>
                <IsActive>Y</IsActive>
                <IsTranslated>N</IsTranslated>
            </AD_Reference_Trl>
        </AD_Reference>
        <AD_Process_Para type="table">
            <AD_Client_ID>0</AD_Client_ID>
            <AD_Org_ID>0</AD_Org_ID>
            <IsActive>Y</IsActive>
            <Name>Business Partner </Name>
            <Description>Identifies a Business Partner</Description>
            <Help>A Business Partner is anyone with whom you transact.  This can include Vendor, Customer, Employee or Salesperson</Help>
            <AD_Process_ID reference="uuid" reference-key="AD_Process">408f82fc-7b51-411b-b8f6-a3d6ee64b745</AD_Process_ID>
            <SeqNo>30</SeqNo>
            <AD_Reference_ID reference="id">30</AD_Reference_ID>
            <AD_Reference_Value_ID reference="id"/>
            <IsRange>N</IsRange>
            <AD_Val_Rule_ID reference="id"/>
            <FieldLength>0</FieldLength>
            <IsMandatory>N</IsMandatory>
            <DefaultValue/>
            <VFormat/>
            <ValueMin/>
            <ValueMax/>
            <ColumnName>C_BPartner_ID</ColumnName>
            <DefaultValue2/>
            <IsCentrallyMaintained>N</IsCentrallyMaintained>
            <EntityType>FTU</EntityType>
            <AD_Element_ID reference="id"/>
            <ReadOnlyLogic/>
            <DisplayLogic/>
            <AD_Process_Para_UU>10a9e7f1-027c-46a0-a576-367aaa5b7fd0</AD_Process_Para_UU>
            <IsEncrypted>N</IsEncrypted>
            <MandatoryLogic>@IsManual@=Y</MandatoryLogic>
            <Placeholder/>
            <Placeholder2/>
            <AD_Process_Para_Trl type="translation">
                <Help>Un tercero es cualquiera con quien usted realiza transacciones. Este puede incluir Proveedores, Clientes, Empleados o Vendedores.</Help>
                <Name>Tercero</Name>
                <Description>Identifica un Tercero</Description>
                <Placeholder/>
                <Placeholder2/>
                <AD_Language>es_CO</AD_Language>
                <IsActive>Y</IsActive>
                <IsTranslated>Y</IsTranslated>
            </AD_Process_Para_Trl>
            <AD_Process_Para_Trl type="translation">
                <Help>A Business Partner is anyone with whom you transact.  This can include Vendor, Customer, Employee or Salesperson</Help>
                <Name>Business Partner </Name>
                <Description>Identifies a Business Partner</Description>
                <Placeholder/>
                <Placeholder2/>
                <AD_Language>es_VE</AD_Language>
                <IsActive>Y</IsActive>
                <IsTranslated>N</IsTranslated>
            </AD_Process_Para_Trl>
        </AD_Process_Para>
        <AD_Element type="table">
            <AD_Element_ID>1383</AD_Element_ID>
            <AD_Client_ID>0</AD_Client_ID>
            <AD_Org_ID>0</AD_Org_ID>
            <AD_Element_ID>1383</AD_Element_ID>
            <IsActive>Y</IsActive>
            <ColumnName>C_BP_Group_ID</ColumnName>
            <Name>Business Partner Group</Name>
            <Description>Business Partner Group</Description>
            <Help>The Business Partner Group provides a method of defining defaults to be used for individual Business Partners.</Help>
            <PrintName>BPartner Group</PrintName>
            <PO_Description/>
            <PO_Help/>
            <PO_Name/>
            <PO_PrintName/>
            <EntityType>D</EntityType>
            <AD_Element_UU>83805416-a80a-4798-acdb-9cf67004fd89</AD_Element_UU>
            <Placeholder/>
            <AD_Element_Trl type="translation">
                <Help>La ID Grupo del Tercero proporciona un método de definir valores predeterminados a ser usados para Terceros individuales.</Help>
                <PO_Description/>
                <PO_Help/>
                <Name>Grupo de Tercero</Name>
                <Description>ID del Grupo de Tercero</Description>
                <PrintName>Grupo de Tercero</PrintName>
                <PO_Name/>
                <PO_PrintName/>
                <Placeholder/>
                <AD_Language>es_CO</AD_Language>
                <IsActive>Y</IsActive>
                <IsTranslated>Y</IsTranslated>
            </AD_Element_Trl>
            <AD_Element_Trl type="translation">
                <Help>The Business Partner Group provides a method of defining defaults to be used for individual Business Partners.</Help>
                <PO_Description/>
                <PO_Help/>
                <Name>Business Partner Group</Name>
                <Description>Business Partner Group</Description>
                <PrintName>BPartner Group</PrintName>
                <PO_Name/>
                <PO_PrintName/>
                <Placeholder/>
                <AD_Language>es_VE</AD_Language>
                <IsActive>Y</IsActive>
                <IsTranslated>N</IsTranslated>
            </AD_Element_Trl>
        </AD_Element>
        <AD_Process_Para type="table">
            <AD_Client_ID>0</AD_Client_ID>
            <AD_Org_ID>0</AD_Org_ID>
            <IsActive>Y</IsActive>
            <Name>Business Partner Group</Name>
            <Description>Business Partner Group</Description>
            <Help>The Business Partner Group provides a method of defining defaults to be used for individual Business Partners.</Help>
            <AD_Process_ID reference="uuid" reference-key="AD_Process">408f82fc-7b51-411b-b8f6-a3d6ee64b745</AD_Process_ID>
            <SeqNo>20</SeqNo>
            <AD_Reference_ID reference="id">19</AD_Reference_ID>
            <AD_Reference_Value_ID reference="id"/>
            <IsRange>N</IsRange>
            <AD_Val_Rule_ID reference="id"/>
            <FieldLength>0</FieldLength>
            <IsMandatory>N</IsMandatory>
            <DefaultValue>-1</DefaultValue>
            <VFormat/>
            <ValueMin/>
            <ValueMax/>
            <ColumnName>C_BP_Group_ID</ColumnName>
            <DefaultValue2/>
            <IsCentrallyMaintained>Y</IsCentrallyMaintained>
            <EntityType>FTU</EntityType>
            <AD_Element_ID reference="id">1383</AD_Element_ID>
            <ReadOnlyLogic/>
            <DisplayLogic>@IsManual@=N</DisplayLogic>
            <AD_Process_Para_UU>b30ae552-2ac6-48c0-92ca-6b3f3fa2a29d</AD_Process_Para_UU>
            <IsEncrypted>N</IsEncrypted>
            <MandatoryLogic/>
            <Placeholder/>
            <Placeholder2/>
            <AD_Process_Para_Trl type="translation">
                <Help>La ID Grupo del Tercero proporciona un método de definir valores predeterminados a ser usados para Terceros individuales.</Help>
                <Name>Grupo de Tercero</Name>
                <Description>ID del Grupo de Tercero</Description>
                <Placeholder/>
                <Placeholder2/>
                <AD_Language>es_CO</AD_Language>
                <IsActive>Y</IsActive>
                <IsTranslated>Y</IsTranslated>
            </AD_Process_Para_Trl>
            <AD_Process_Para_Trl type="translation">
                <Help>The Business Partner Group provides a method of defining defaults to be used for individual Business Partners.</Help>
                <Name>Business Partner Group</Name>
                <Description>Business Partner Group</Description>
                <Placeholder/>
                <Placeholder2/>
                <AD_Language>es_VE</AD_Language>
                <IsActive>Y</IsActive>
                <IsTranslated>N</IsTranslated>
            </AD_Process_Para_Trl>
        </AD_Process_Para>
        <AD_Element type="table">
            <AD_Element_ID>1673</AD_Element_ID>
            <AD_Client_ID>0</AD_Client_ID>
            <AD_Org_ID>0</AD_Org_ID>
            <AD_Element_ID>1673</AD_Element_ID>
            <IsActive>Y</IsActive>
            <ColumnName>OnlyDiscount</ColumnName>
            <Name>Only Discount</Name>
            <Description>Include only invoices where we would get payment discount</Description>
            <Help/>
            <PrintName>Only Discount</PrintName>
            <PO_Description/>
            <PO_Help/>
            <PO_Name/>
            <PO_PrintName/>
            <EntityType>D</EntityType>
            <AD_Element_UU>7c0efd02-3a95-4bc2-8b1f-5e2cfb55790d</AD_Element_UU>
            <Placeholder/>
            <AD_Element_Trl type="translation">
                <Help/>
                <PO_Description/>
                <PO_Help/>
                <Name>Sólo Descuento</Name>
                <Description>Incluye solamente facturas donde se obtienen descuentos en pagos</Description>
                <PrintName>Sólo Descuento</PrintName>
                <PO_Name/>
                <PO_PrintName/>
                <Placeholder/>
                <AD_Language>es_CO</AD_Language>
                <IsActive>Y</IsActive>
                <IsTranslated>Y</IsTranslated>
            </AD_Element_Trl>
            <AD_Element_Trl type="translation">
                <Help/>
                <PO_Description/>
                <PO_Help/>
                <Name>Only Discount</Name>
                <Description>Include only invoices where we would get payment discount</Description>
                <PrintName>Only Discount</PrintName>
                <PO_Name/>
                <PO_PrintName/>
                <Placeholder/>
                <AD_Language>es_VE</AD_Language>
                <IsActive>Y</IsActive>
                <IsTranslated>N</IsTranslated>
            </AD_Element_Trl>
        </AD_Element>
        <AD_Process_Para type="table">
            <AD_Client_ID>0</AD_Client_ID>
            <AD_Org_ID>0</AD_Org_ID>
            <IsActive>Y</IsActive>
            <Name>Only Discount</Name>
            <Description>Include only invoices where we would get payment discount</Description>
            <Help/>
            <AD_Process_ID reference="uuid" reference-key="AD_Process">408f82fc-7b51-411b-b8f6-a3d6ee64b745</AD_Process_ID>
            <SeqNo>40</SeqNo>
            <AD_Reference_ID reference="id">20</AD_Reference_ID>
            <AD_Reference_Value_ID reference="id"/>
            <IsRange>N</IsRange>
            <AD_Val_Rule_ID reference="id"/>
            <FieldLength>0</FieldLength>
            <IsMandatory>Y</IsMandatory>
            <DefaultValue>N</DefaultValue>
            <VFormat/>
            <ValueMin/>
            <ValueMax/>
            <ColumnName>OnlyDiscount</ColumnName>
            <DefaultValue2/>
            <IsCentrallyMaintained>Y</IsCentrallyMaintained>
            <EntityType>FTU</EntityType>
            <AD_Element_ID reference="id">1673</AD_Element_ID>
            <ReadOnlyLogic/>
            <DisplayLogic>@IsManual@=N</DisplayLogic>
            <AD_Process_Para_UU>65158f66-faf6-410f-a8c5-c34509b69c18</AD_Process_Para_UU>
            <IsEncrypted>N</IsEncrypted>
            <MandatoryLogic/>
            <Placeholder/>
            <Placeholder2/>
            <AD_Process_Para_Trl type="translation">
                <Help/>
                <Name>Sólo Descuento</Name>
                <Description>Incluye solamente facturas donde se obtienen descuentos en pagos</Description>
                <Placeholder/>
                <Placeholder2/>
                <AD_Language>es_CO</AD_Language>
                <IsActive>Y</IsActive>
                <IsTranslated>Y</IsTranslated>
            </AD_Process_Para_Trl>
            <AD_Process_Para_Trl type="translation">
                <Help/>
                <Name>Only Discount</Name>
                <Description>Include only invoices where we would get payment discount</Description>
                <Placeholder/>
                <Placeholder2/>
                <AD_Language>es_VE</AD_Language>
                <IsActive>Y</IsActive>
                <IsTranslated>N</IsTranslated>
            </AD_Process_Para_Trl>
        </AD_Process_Para>
        <AD_Element type="table">
            <AD_Element_ID>1674</AD_Element_ID>
            <AD_Client_ID>0</AD_Client_ID>
            <AD_Org_ID>0</AD_Org_ID>
            <AD_Element_ID>1674</AD_Element_ID>
            <IsActive>Y</IsActive>
            <ColumnName>OnlyDue</ColumnName>
            <Name>Only Due</Name>
            <Description>Include only due invoices</Description>
            <Help/>
            <PrintName>Only Due</PrintName>
            <PO_Description/>
            <PO_Help/>
            <PO_Name/>
            <PO_PrintName/>
            <EntityType>D</EntityType>
            <AD_Element_UU>1aedfa08-e965-4c62-9709-c9e5e2d00f3e</AD_Element_UU>
            <Placeholder/>
            <AD_Element_Trl type="translation">
                <Help/>
                <PO_Description/>
                <PO_Help/>
                <Name>Sólo vencidas</Name>
                <Description>Incluye solamente facturas que se encuentren vencidas en la fecha de pago seleccionada</Description>
                <PrintName>Solo vencidas</PrintName>
                <PO_Name/>
                <PO_PrintName/>
                <Placeholder/>
                <AD_Language>es_CO</AD_Language>
                <IsActive>Y</IsActive>
                <IsTranslated>Y</IsTranslated>
            </AD_Element_Trl>
            <AD_Element_Trl type="translation">
                <Help/>
                <PO_Description/>
                <PO_Help/>
                <Name>Only Due</Name>
                <Description>Include only due invoices</Description>
                <PrintName>Only Due</PrintName>
                <PO_Name/>
                <PO_PrintName/>
                <Placeholder/>
                <AD_Language>es_VE</AD_Language>
                <IsActive>Y</IsActive>
                <IsTranslated>N</IsTranslated>
            </AD_Element_Trl>
        </AD_Element>
        <AD_Process_Para type="table">
            <AD_Client_ID>0</AD_Client_ID>
            <AD_Org_ID>0</AD_Org_ID>
            <IsActive>Y</IsActive>
            <Name>Only Due</Name>
            <Description>Include only due invoices</Description>
            <Help/>
            <AD_Process_ID reference="uuid" reference-key="AD_Process">408f82fc-7b51-411b-b8f6-a3d6ee64b745</AD_Process_ID>
            <SeqNo>50</SeqNo>
            <AD_Reference_ID reference="id">20</AD_Reference_ID>
            <AD_Reference_Value_ID reference="id"/>
            <IsRange>N</IsRange>
            <AD_Val_Rule_ID reference="id"/>
            <FieldLength>0</FieldLength>
            <IsMandatory>Y</IsMandatory>
            <DefaultValue>Y</DefaultValue>
            <VFormat/>
            <ValueMin/>
            <ValueMax/>
            <ColumnName>OnlyDue</ColumnName>
            <DefaultValue2/>
            <IsCentrallyMaintained>Y</IsCentrallyMaintained>
            <EntityType>FTU</EntityType>
            <AD_Element_ID reference="id">1674</AD_Element_ID>
            <ReadOnlyLogic/>
            <DisplayLogic>@IsManual@=N</DisplayLogic>
            <AD_Process_Para_UU>a36e8eda-f14c-47bb-9c23-a08a47b4b8db</AD_Process_Para_UU>
            <IsEncrypted>N</IsEncrypted>
            <MandatoryLogic/>
            <Placeholder/>
            <Placeholder2/>
            <AD_Process_Para_Trl type="translation">
                <Help/>
                <Name>Sólo vencidas</Name>
                <Description>Incluye solamente facturas que se encuentren vencidas en la fecha de pago seleccionada</Description>
                <Placeholder/>
                <Placeholder2/>
                <AD_Language>es_CO</AD_Language>
                <IsActive>Y</IsActive>
                <IsTranslated>Y</IsTranslated>
            </AD_Process_Para_Trl>
            <AD_Process_Para_Trl type="translation">
                <Help/>
                <Name>Only Due</Name>
                <Description>Include only due invoices</Description>
                <Placeholder/>
                <Placeholder2/>
                <AD_Language>es_VE</AD_Language>
                <IsActive>Y</IsActive>
                <IsTranslated>N</IsTranslated>
            </AD_Process_Para_Trl>
        </AD_Process_Para>
        <AD_Reference type="table">
            <AD_Reference_ID>15</AD_Reference_ID>
            <AD_Client_ID>0</AD_Client_ID>
            <AD_Org_ID>0</AD_Org_ID>
            <AD_Reference_ID>15</AD_Reference_ID>
            <Name>Date</Name>
            <Description>Date mm/dd/yyyy</Description>
            <Help/>
            <ValidationType>D</ValidationType>
            <IsActive>Y</IsActive>
            <VFormat/>
            <EntityType>D</EntityType>
            <IsOrderByValue>N</IsOrderByValue>
            <AD_Reference_UU>fea92a20-5ea7-445c-b010-101d74f5e124</AD_Reference_UU>
            <AD_Element_ID reference="id"/>
            <AD_Reference_Trl type="translation">
                <Help/>
                <Name>Fecha</Name>
                <Description>Fecha mm/dd/aaaa</Description>
                <AD_Language>es_CO</AD_Language>
                <IsActive>Y</IsActive>
                <IsTranslated>Y</IsTranslated>
            </AD_Reference_Trl>
            <AD_Reference_Trl type="translation">
                <Help/>
                <Name>Date</Name>
                <Description>Date mm/dd/yyyy</Description>
                <AD_Language>es_VE</AD_Language>
                <IsActive>Y</IsActive>
                <IsTranslated>N</IsTranslated>
            </AD_Reference_Trl>
        </AD_Reference>
        <AD_Element type="table">
            <AD_Element_ID>2000</AD_Element_ID>
            <AD_Client_ID>0</AD_Client_ID>
            <AD_Org_ID>0</AD_Org_ID>
            <AD_Element_ID>2000</AD_Element_ID>
            <IsActive>Y</IsActive>
            <ColumnName>DueDate</ColumnName>
            <Name>Due Date</Name>
            <Description>Date when the payment is due</Description>
            <Help>Date when the payment is due without deductions or discount</Help>
            <PrintName>Due Date</PrintName>
            <PO_Description/>
            <PO_Help/>
            <PO_Name/>
            <PO_PrintName/>
            <EntityType>D</EntityType>
            <AD_Element_UU>efe68e12-5d72-4e84-b239-f925a49220cf</AD_Element_UU>
            <Placeholder/>
            <AD_Element_Trl type="translation">
                <Help>Fecha cuando el pago es vencido sin deducciones o descuento</Help>
                <PO_Description/>
                <PO_Help/>
                <Name>Fecha Vencimiento</Name>
                <Description>Fecha cuando el pago es vencido.</Description>
                <PrintName>Fecha Vencimiento</PrintName>
                <PO_Name/>
                <PO_PrintName/>
                <Placeholder/>
                <AD_Language>es_CO</AD_Language>
                <IsActive>Y</IsActive>
                <IsTranslated>Y</IsTranslated>
            </AD_Element_Trl>
            <AD_Element_Trl type="translation">
                <Help>Date when the payment is due without deductions or discount</Help>
                <PO_Description/>
                <PO_Help/>
                <Name>Due Date</Name>
                <Description>Date when the payment is due</Description>
                <PrintName>Due Date</PrintName>
                <PO_Name/>
                <PO_PrintName/>
                <Placeholder/>
                <AD_Language>es_VE</AD_Language>
                <IsActive>Y</IsActive>
                <IsTranslated>N</IsTranslated>
            </AD_Element_Trl>
        </AD_Element>
        <AD_Process_Para type="table">
            <AD_Client_ID>0</AD_Client_ID>
            <AD_Org_ID>0</AD_Org_ID>
            <IsActive>Y</IsActive>
            <Name>Due Date</Name>
            <Description>Date when the payment is due</Description>
            <Help>Date when the payment is due without deductions or discount</Help>
            <AD_Process_ID reference="uuid" reference-key="AD_Process">408f82fc-7b51-411b-b8f6-a3d6ee64b745</AD_Process_ID>
            <SeqNo>60</SeqNo>
            <AD_Reference_ID reference="id">15</AD_Reference_ID>
            <AD_Reference_Value_ID reference="id"/>
            <IsRange>N</IsRange>
            <AD_Val_Rule_ID reference="id"/>
            <FieldLength>7</FieldLength>
            <IsMandatory>N</IsMandatory>
            <DefaultValue/>
            <VFormat/>
            <ValueMin/>
            <ValueMax/>
            <ColumnName>DueDate</ColumnName>
            <DefaultValue2/>
            <IsCentrallyMaintained>Y</IsCentrallyMaintained>
            <EntityType>FTU</EntityType>
            <AD_Element_ID reference="id">2000</AD_Element_ID>
            <ReadOnlyLogic/>
            <DisplayLogic>@OnlyDue@=Y &amp; @IsManual@=N</DisplayLogic>
            <AD_Process_Para_UU>89918702-d591-4568-8e65-c9c166de258d</AD_Process_Para_UU>
            <IsEncrypted>N</IsEncrypted>
            <MandatoryLogic/>
            <Placeholder/>
            <Placeholder2/>
            <AD_Process_Para_Trl type="translation">
                <Help>Fecha cuando el pago es vencido sin deducciones o descuento</Help>
                <Name>Fecha Vencimiento</Name>
                <Description>Fecha cuando el pago es vencido.</Description>
                <Placeholder/>
                <Placeholder2/>
                <AD_Language>es_CO</AD_Language>
                <IsActive>Y</IsActive>
                <IsTranslated>Y</IsTranslated>
            </AD_Process_Para_Trl>
            <AD_Process_Para_Trl type="translation">
                <Help>Date when the payment is due without deductions or discount</Help>
                <Name>Due Date</Name>
                <Description>Date when the payment is due</Description>
                <Placeholder/>
                <Placeholder2/>
                <AD_Language>es_VE</AD_Language>
                <IsActive>Y</IsActive>
                <IsTranslated>N</IsTranslated>
            </AD_Process_Para_Trl>
        </AD_Process_Para>
        <AD_Element type="table">
            <AD_Element_ID>2572</AD_Element_ID>
            <AD_Client_ID>0</AD_Client_ID>
            <AD_Org_ID>0</AD_Org_ID>
            <AD_Element_ID>2572</AD_Element_ID>
            <IsActive>Y</IsActive>
            <ColumnName>IncludeInDispute</ColumnName>
            <Name>Include Disputed</Name>
            <Description>Include disputed Invoices</Description>
            <Help/>
            <PrintName>Include Disputed</PrintName>
            <PO_Description/>
            <PO_Help/>
            <PO_Name/>
            <PO_PrintName/>
            <EntityType>D</EntityType>
            <AD_Element_UU>b94ced09-aa60-4ef4-ad53-eda9bdf81bac</AD_Element_UU>
            <Placeholder/>
            <AD_Element_Trl type="translation">
                <Help/>
                <PO_Description/>
                <PO_Help/>
                <Name>Incluye en Negociación</Name>
                <Description>Incluye en Negociación</Description>
                <PrintName>Incluye en Negociación</PrintName>
                <PO_Name/>
                <PO_PrintName/>
                <Placeholder/>
                <AD_Language>es_CO</AD_Language>
                <IsActive>Y</IsActive>
                <IsTranslated>Y</IsTranslated>
            </AD_Element_Trl>
            <AD_Element_Trl type="translation">
                <Help/>
                <PO_Description/>
                <PO_Help/>
                <Name>Include Disputed</Name>
                <Description>Include disputed Invoices</Description>
                <PrintName>Include Disputed</PrintName>
                <PO_Name/>
                <PO_PrintName/>
                <Placeholder/>
                <AD_Language>es_VE</AD_Language>
                <IsActive>Y</IsActive>
                <IsTranslated>N</IsTranslated>
            </AD_Element_Trl>
        </AD_Element>
        <AD_Process_Para type="table">
            <AD_Client_ID>0</AD_Client_ID>
            <AD_Org_ID>0</AD_Org_ID>
            <IsActive>Y</IsActive>
            <Name>Include Disputed</Name>
            <Description>Include disputed Invoices</Description>
            <Help/>
            <AD_Process_ID reference="uuid" reference-key="AD_Process">408f82fc-7b51-411b-b8f6-a3d6ee64b745</AD_Process_ID>
            <SeqNo>70</SeqNo>
            <AD_Reference_ID reference="id">20</AD_Reference_ID>
            <AD_Reference_Value_ID reference="id"/>
            <IsRange>N</IsRange>
            <AD_Val_Rule_ID reference="id"/>
            <FieldLength>0</FieldLength>
            <IsMandatory>N</IsMandatory>
            <DefaultValue>N</DefaultValue>
            <VFormat/>
            <ValueMin/>
            <ValueMax/>
            <ColumnName>IncludeInDispute</ColumnName>
            <DefaultValue2/>
            <IsCentrallyMaintained>Y</IsCentrallyMaintained>
            <EntityType>FTU</EntityType>
            <AD_Element_ID reference="id">2572</AD_Element_ID>
            <ReadOnlyLogic/>
            <DisplayLogic>@IsManual@=N</DisplayLogic>
            <AD_Process_Para_UU>db16e049-437e-4795-be6d-de019a83830d</AD_Process_Para_UU>
            <IsEncrypted>N</IsEncrypted>
            <MandatoryLogic/>
            <Placeholder/>
            <Placeholder2/>
            <AD_Process_Para_Trl type="translation">
                <Help/>
                <Name>Incluye en Negociación</Name>
                <Description>Incluye en Negociación</Description>
                <Placeholder/>
                <Placeholder2/>
                <AD_Language>es_CO</AD_Language>
                <IsActive>Y</IsActive>
                <IsTranslated>Y</IsTranslated>
            </AD_Process_Para_Trl>
            <AD_Process_Para_Trl type="translation">
                <Help/>
                <Name>Include Disputed</Name>
                <Description>Include disputed Invoices</Description>
                <Placeholder/>
                <Placeholder2/>
                <AD_Language>es_VE</AD_Language>
                <IsActive>Y</IsActive>
                <IsTranslated>N</IsTranslated>
            </AD_Process_Para_Trl>
        </AD_Process_Para>
        <AD_Reference type="table">
            <AD_Reference_ID>17</AD_Reference_ID>
            <AD_Client_ID>0</AD_Client_ID>
            <AD_Org_ID>0</AD_Org_ID>
            <AD_Reference_ID>17</AD_Reference_ID>
            <Name>List</Name>
            <Description>Reference List</Description>
            <Help/>
            <ValidationType>D</ValidationType>
            <IsActive>Y</IsActive>
            <VFormat/>
            <EntityType>D</EntityType>
            <IsOrderByValue>N</IsOrderByValue>
            <AD_Reference_UU>70bc89e7-5848-4ff5-a1f0-e1b1aed3796f</AD_Reference_UU>
            <AD_Element_ID reference="id"/>
            <AD_Reference_Trl type="translation">
                <Help/>
                <Name>Lista</Name>
                <Description>Lista de Referencia</Description>
                <AD_Language>es_CO</AD_Language>
                <IsActive>Y</IsActive>
                <IsTranslated>Y</IsTranslated>
            </AD_Reference_Trl>
            <AD_Reference_Trl type="translation">
                <Help/>
                <Name>List</Name>
                <Description>Reference List</Description>
                <AD_Language>es_VE</AD_Language>
                <IsActive>Y</IsActive>
                <IsTranslated>N</IsTranslated>
            </AD_Reference_Trl>
        </AD_Reference>
        <AD_Reference type="table">
            <AD_Reference_ID>360</AD_Reference_ID>
            <AD_Client_ID>0</AD_Client_ID>
            <AD_Org_ID>0</AD_Org_ID>
            <AD_Reference_ID>360</AD_Reference_ID>
            <Name>C_Invoice MatchRequirement</Name>
            <Description/>
            <Help/>
            <ValidationType>L</ValidationType>
            <IsActive>Y</IsActive>
            <VFormat/>
            <EntityType>D</EntityType>
            <IsOrderByValue>N</IsOrderByValue>
            <AD_Reference_UU>f4bdad94-7383-454a-8a08-23ae680d3537</AD_Reference_UU>
            <AD_Element_ID reference="id"/>
            <AD_Reference_Trl type="translation">
                <Help/>
                <Name>C_Invoice MatchRequirement</Name>
                <Description/>
                <AD_Language>es_CO</AD_Language>
                <IsActive>Y</IsActive>
                <IsTranslated>Y</IsTranslated>
            </AD_Reference_Trl>
            <AD_Reference_Trl type="translation">
                <Help/>
                <Name>C_Invoice MatchRequirement</Name>
                <Description/>
                <AD_Language>es_VE</AD_Language>
                <IsActive>Y</IsActive>
                <IsTranslated>N</IsTranslated>
            </AD_Reference_Trl>
            <AD_Ref_List type="table">
                <AD_Ref_List_ID>787</AD_Ref_List_ID>
                <AD_Client_ID>0</AD_Client_ID>
                <AD_Org_ID>0</AD_Org_ID>
                <AD_Ref_List_ID>787</AD_Ref_List_ID>
                <Name>None</Name>
                <Description/>
                <AD_Reference_ID reference="id">360</AD_Reference_ID>
                <ValidFrom/>
                <ValidTo/>
                <Value>N</Value>
                <IsActive>Y</IsActive>
                <EntityType>D</EntityType>
                <AD_Ref_List_UU>18e45ff4-cdc6-4cdc-b213-3cfef9e17a83</AD_Ref_List_UU>
                <AD_Ref_List_Trl type="translation">
                    <Description/>
                    <Name>Ninguno</Name>
                    <AD_Language>es_CO</AD_Language>
                    <IsActive>Y</IsActive>
                    <IsTranslated>Y</IsTranslated>
                </AD_Ref_List_Trl>
                <AD_Ref_List_Trl type="translation">
                    <Description/>
                    <Name>None</Name>
                    <AD_Language>es_VE</AD_Language>
                    <IsActive>Y</IsActive>
                    <IsTranslated>N</IsTranslated>
                </AD_Ref_List_Trl>
            </AD_Ref_List>
            <AD_Ref_List type="table">
                <AD_Ref_List_ID>788</AD_Ref_List_ID>
                <AD_Client_ID>0</AD_Client_ID>
                <AD_Org_ID>0</AD_Org_ID>
                <AD_Ref_List_ID>788</AD_Ref_List_ID>
                <Name>Receipt</Name>
                <Description/>
                <AD_Reference_ID reference="id">360</AD_Reference_ID>
                <ValidFrom/>
                <ValidTo/>
                <Value>R</Value>
                <IsActive>Y</IsActive>
                <EntityType>D</EntityType>
                <AD_Ref_List_UU>6ebb8ab2-a121-490e-a443-06ba61e47707</AD_Ref_List_UU>
                <AD_Ref_List_Trl type="translation">
                    <Description/>
                    <Name>Recibo</Name>
                    <AD_Language>es_CO</AD_Language>
                    <IsActive>Y</IsActive>
                    <IsTranslated>Y</IsTranslated>
                </AD_Ref_List_Trl>
                <AD_Ref_List_Trl type="translation">
                    <Description/>
                    <Name>Receipt</Name>
                    <AD_Language>es_VE</AD_Language>
                    <IsActive>Y</IsActive>
                    <IsTranslated>N</IsTranslated>
                </AD_Ref_List_Trl>
            </AD_Ref_List>
            <AD_Ref_List type="table">
                <AD_Ref_List_ID>789</AD_Ref_List_ID>
                <AD_Client_ID>0</AD_Client_ID>
                <AD_Org_ID>0</AD_Org_ID>
                <AD_Ref_List_ID>789</AD_Ref_List_ID>
                <Name>Purchase Order</Name>
                <Description/>
                <AD_Reference_ID reference="id">360</AD_Reference_ID>
                <ValidFrom/>
                <ValidTo/>
                <Value>P</Value>
                <IsActive>Y</IsActive>
                <EntityType>D</EntityType>
                <AD_Ref_List_UU>b07dd011-23d3-4589-8cdd-800a58001fe0</AD_Ref_List_UU>
                <AD_Ref_List_Trl type="translation">
                    <Description/>
                    <Name>Orden de Compra</Name>
                    <AD_Language>es_CO</AD_Language>
                    <IsActive>Y</IsActive>
                    <IsTranslated>Y</IsTranslated>
                </AD_Ref_List_Trl>
                <AD_Ref_List_Trl type="translation">
                    <Description/>
                    <Name>Purchase Order</Name>
                    <AD_Language>es_VE</AD_Language>
                    <IsActive>Y</IsActive>
                    <IsTranslated>N</IsTranslated>
                </AD_Ref_List_Trl>
            </AD_Ref_List>
            <AD_Ref_List type="table">
                <AD_Ref_List_ID>790</AD_Ref_List_ID>
                <AD_Client_ID>0</AD_Client_ID>
                <AD_Org_ID>0</AD_Org_ID>
                <AD_Ref_List_ID>790</AD_Ref_List_ID>
                <Name>Purchase Order and Receipt</Name>
                <Description/>
                <AD_Reference_ID reference="id">360</AD_Reference_ID>
                <ValidFrom/>
                <ValidTo/>
                <Value>B</Value>
                <IsActive>Y</IsActive>
                <EntityType>D</EntityType>
                <AD_Ref_List_UU>0593e72c-5d63-4bb5-a6a2-b6a85c8ddde7</AD_Ref_List_UU>
                <AD_Ref_List_Trl type="translation">
                    <Description/>
                    <Name>Orden de compra y Recibo</Name>
                    <AD_Language>es_CO</AD_Language>
                    <IsActive>Y</IsActive>
                    <IsTranslated>Y</IsTranslated>
                </AD_Ref_List_Trl>
                <AD_Ref_List_Trl type="translation">
                    <Description/>
                    <Name>Purchase Order and Receipt</Name>
                    <AD_Language>es_VE</AD_Language>
                    <IsActive>Y</IsActive>
                    <IsTranslated>N</IsTranslated>
                </AD_Ref_List_Trl>
            </AD_Ref_List>
        </AD_Reference>
        <AD_Element type="table">
            <AD_Element_ID>2866</AD_Element_ID>
            <AD_Client_ID>0</AD_Client_ID>
            <AD_Org_ID>0</AD_Org_ID>
            <AD_Element_ID>2866</AD_Element_ID>
            <IsActive>Y</IsActive>
            <ColumnName>MatchRequirement</ColumnName>
            <Name>Match Requirement</Name>
            <Description>Matching Requirement for Invoice</Description>
            <Help/>
            <PrintName>Match</PrintName>
            <PO_Description/>
            <PO_Help/>
            <PO_Name/>
            <PO_PrintName/>
            <EntityType>D</EntityType>
            <AD_Element_UU>96fe21c4-1862-48f9-ac97-907aa11fdfb2</AD_Element_UU>
            <Placeholder/>
            <AD_Element_Trl type="translation">
                <Help/>
                <PO_Description/>
                <PO_Help/>
                <Name>Asignar Requerimientos</Name>
                <Description>Asignar Requerimientos para Factura</Description>
                <PrintName>Asignar</PrintName>
                <PO_Name/>
                <PO_PrintName/>
                <Placeholder/>
                <AD_Language>es_CO</AD_Language>
                <IsActive>Y</IsActive>
                <IsTranslated>Y</IsTranslated>
            </AD_Element_Trl>
            <AD_Element_Trl type="translation">
                <Help/>
                <PO_Description/>
                <PO_Help/>
                <Name>Match Requirement</Name>
                <Description>Matching Requirement for Invoice</Description>
                <PrintName>Match</PrintName>
                <PO_Name/>
                <PO_PrintName/>
                <Placeholder/>
                <AD_Language>es_VE</AD_Language>
                <IsActive>Y</IsActive>
                <IsTranslated>N</IsTranslated>
            </AD_Element_Trl>
        </AD_Element>
        <AD_Process_Para type="table">
            <AD_Client_ID>0</AD_Client_ID>
            <AD_Org_ID>0</AD_Org_ID>
            <IsActive>Y</IsActive>
            <Name>Match Requirement</Name>
            <Description>Matching Requirement for Invoice</Description>
            <Help/>
            <AD_Process_ID reference="uuid" reference-key="AD_Process">408f82fc-7b51-411b-b8f6-a3d6ee64b745</AD_Process_ID>
            <SeqNo>80</SeqNo>
            <AD_Reference_ID reference="id">17</AD_Reference_ID>
            <AD_Reference_Value_ID reference="id">360</AD_Reference_Value_ID>
            <IsRange>N</IsRange>
            <AD_Val_Rule_ID reference="id"/>
            <FieldLength>1</FieldLength>
            <IsMandatory>Y</IsMandatory>
            <DefaultValue>N</DefaultValue>
            <VFormat/>
            <ValueMin/>
            <ValueMax/>
            <ColumnName>MatchRequirement</ColumnName>
            <DefaultValue2/>
            <IsCentrallyMaintained>Y</IsCentrallyMaintained>
            <EntityType>FTU</EntityType>
            <AD_Element_ID reference="id">2866</AD_Element_ID>
            <ReadOnlyLogic/>
            <DisplayLogic>@IsManual@=N</DisplayLogic>
            <AD_Process_Para_UU>4d224668-1ea7-4841-be7c-be7e46531df0</AD_Process_Para_UU>
            <IsEncrypted>N</IsEncrypted>
            <MandatoryLogic/>
            <Placeholder/>
            <Placeholder2/>
            <AD_Process_Para_Trl type="translation">
                <Help/>
                <Name>Asignar Requerimientos</Name>
                <Description>Asignar Requerimientos para Factura</Description>
                <Placeholder/>
                <Placeholder2/>
                <AD_Language>es_CO</AD_Language>
                <IsActive>Y</IsActive>
                <IsTranslated>Y</IsTranslated>
            </AD_Process_Para_Trl>
            <AD_Process_Para_Trl type="translation">
                <Help/>
                <Name>Match Requirement</Name>
                <Description>Matching Requirement for Invoice</Description>
                <Placeholder/>
                <Placeholder2/>
                <AD_Language>es_VE</AD_Language>
                <IsActive>Y</IsActive>
                <IsTranslated>N</IsTranslated>
            </AD_Process_Para_Trl>
        </AD_Process_Para>
        <AD_Reference type="table">
            <AD_Reference_ID>195</AD_Reference_ID>
            <AD_Client_ID>0</AD_Client_ID>
            <AD_Org_ID>0</AD_Org_ID>
            <AD_Reference_ID>195</AD_Reference_ID>
            <Name>_Payment Rule</Name>
            <Description>In &amp; Out Payment Options</Description>
            <Help/>
            <ValidationType>L</ValidationType>
            <IsActive>Y</IsActive>
            <VFormat/>
            <EntityType>D</EntityType>
            <IsOrderByValue>N</IsOrderByValue>
            <AD_Reference_UU>af0136e2-1ec4-4b60-a8a1-dc6c252e4878</AD_Reference_UU>
            <AD_Element_ID reference="id"/>
            <AD_Reference_Trl type="translation">
                <Help/>
                <Name>_Payment Rule</Name>
                <Description>Opciones de pago a/de</Description>
                <AD_Language>es_CO</AD_Language>
                <IsActive>Y</IsActive>
                <IsTranslated>Y</IsTranslated>
            </AD_Reference_Trl>
            <AD_Reference_Trl type="translation">
                <Help/>
                <Name>_Payment Rule</Name>
                <Description>In &amp; Out Payment Options</Description>
                <AD_Language>es_VE</AD_Language>
                <IsActive>Y</IsActive>
                <IsTranslated>N</IsTranslated>
            </AD_Reference_Trl>
            <AD_Ref_List type="table">
                <AD_Ref_List_ID>334</AD_Ref_List_ID>
                <AD_Client_ID>0</AD_Client_ID>
                <AD_Org_ID>0</AD_Org_ID>
                <AD_Ref_List_ID>334</AD_Ref_List_ID>
                <Name>Direct Deposit</Name>
                <Description/>
                <AD_Reference_ID reference="id">195</AD_Reference_ID>
                <ValidFrom/>
                <ValidTo/>
                <Value>T</Value>
                <IsActive>Y</IsActive>
                <EntityType>D</EntityType>
                <AD_Ref_List_UU>50bc3b86-6106-44df-88ee-1000243a9fcf</AD_Ref_List_UU>
                <AD_Ref_List_Trl type="translation">
                    <Description/>
                    <Name>Depósito Directo</Name>
                    <AD_Language>es_CO</AD_Language>
                    <IsActive>Y</IsActive>
                    <IsTranslated>Y</IsTranslated>
                </AD_Ref_List_Trl>
                <AD_Ref_List_Trl type="translation">
                    <Description/>
                    <Name>Direct Deposit</Name>
                    <AD_Language>es_VE</AD_Language>
                    <IsActive>Y</IsActive>
                    <IsTranslated>N</IsTranslated>
                </AD_Ref_List_Trl>
            </AD_Ref_List>
            <AD_Ref_List type="table">
                <AD_Ref_List_ID>333</AD_Ref_List_ID>
                <AD_Client_ID>0</AD_Client_ID>
                <AD_Org_ID>0</AD_Org_ID>
                <AD_Ref_List_ID>333</AD_Ref_List_ID>
                <Name>Credit Card</Name>
                <Description/>
                <AD_Reference_ID reference="id">195</AD_Reference_ID>
                <ValidFrom/>
                <ValidTo/>
                <Value>K</Value>
                <IsActive>Y</IsActive>
                <EntityType>D</EntityType>
                <AD_Ref_List_UU>68dda00d-c015-498e-b91c-811bab809dab</AD_Ref_List_UU>
                <AD_Ref_List_Trl type="translation">
                    <Description/>
                    <Name>Tarjeta De Crédito</Name>
                    <AD_Language>es_CO</AD_Language>
                    <IsActive>Y</IsActive>
                    <IsTranslated>Y</IsTranslated>
                </AD_Ref_List_Trl>
                <AD_Ref_List_Trl type="translation">
                    <Description/>
                    <Name>Credit Card</Name>
                    <AD_Language>es_VE</AD_Language>
                    <IsActive>Y</IsActive>
                    <IsTranslated>N</IsTranslated>
                </AD_Ref_List_Trl>
            </AD_Ref_List>
            <AD_Ref_List type="table">
                <AD_Ref_List_ID>335</AD_Ref_List_ID>
                <AD_Client_ID>0</AD_Client_ID>
                <AD_Org_ID>0</AD_Org_ID>
                <AD_Ref_List_ID>335</AD_Ref_List_ID>
                <Name>Check</Name>
                <Description/>
                <AD_Reference_ID reference="id">195</AD_Reference_ID>
                <ValidFrom/>
                <ValidTo/>
                <Value>S</Value>
                <IsActive>Y</IsActive>
                <EntityType>D</EntityType>
                <AD_Ref_List_UU>056e0d26-2ff4-41c6-bde6-b35d888e555e</AD_Ref_List_UU>
                <AD_Ref_List_Trl type="translation">
                    <Description/>
                    <Name>Cheque</Name>
                    <AD_Language>es_CO</AD_Language>
                    <IsActive>Y</IsActive>
                    <IsTranslated>Y</IsTranslated>
                </AD_Ref_List_Trl>
                <AD_Ref_List_Trl type="translation">
                    <Description/>
                    <Name>Check</Name>
                    <AD_Language>es_VE</AD_Language>
                    <IsActive>Y</IsActive>
                    <IsTranslated>N</IsTranslated>
                </AD_Ref_List_Trl>
            </AD_Ref_List>
            <AD_Ref_List type="table">
                <AD_Ref_List_ID>332</AD_Ref_List_ID>
                <AD_Client_ID>0</AD_Client_ID>
                <AD_Org_ID>0</AD_Org_ID>
                <AD_Ref_List_ID>332</AD_Ref_List_ID>
                <Name>Cash</Name>
                <Description/>
                <AD_Reference_ID reference="id">195</AD_Reference_ID>
                <ValidFrom/>
                <ValidTo/>
                <Value>B</Value>
                <IsActive>Y</IsActive>
                <EntityType>D</EntityType>
                <AD_Ref_List_UU>917130e3-2144-496c-9344-6cf4f7136293</AD_Ref_List_UU>
                <AD_Ref_List_Trl type="translation">
                    <Description/>
                    <Name>Caja de Punto de Venta</Name>
                    <AD_Language>es_CO</AD_Language>
                    <IsActive>Y</IsActive>
                    <IsTranslated>Y</IsTranslated>
                </AD_Ref_List_Trl>
                <AD_Ref_List_Trl type="translation">
                    <Description/>
                    <Name>Cash</Name>
                    <AD_Language>es_VE</AD_Language>
                    <IsActive>Y</IsActive>
                    <IsTranslated>N</IsTranslated>
                </AD_Ref_List_Trl>
            </AD_Ref_List>
            <AD_Ref_List type="table">
                <AD_Ref_List_ID>337</AD_Ref_List_ID>
                <AD_Client_ID>0</AD_Client_ID>
                <AD_Org_ID>0</AD_Org_ID>
                <AD_Ref_List_ID>337</AD_Ref_List_ID>
                <Name>On Credit</Name>
                <Description/>
                <AD_Reference_ID reference="id">195</AD_Reference_ID>
                <ValidFrom/>
                <ValidTo/>
                <Value>P</Value>
                <IsActive>Y</IsActive>
                <EntityType>D</EntityType>
                <AD_Ref_List_UU>fb2b6b8d-3288-4c3c-8d87-7521d4a5460a</AD_Ref_List_UU>
                <AD_Ref_List_Trl type="translation">
                    <Description/>
                    <Name>Con Término de Pago</Name>
                    <AD_Language>es_CO</AD_Language>
                    <IsActive>Y</IsActive>
                    <IsTranslated>Y</IsTranslated>
                </AD_Ref_List_Trl>
                <AD_Ref_List_Trl type="translation">
                    <Description/>
                    <Name>On Credit</Name>
                    <AD_Language>es_VE</AD_Language>
                    <IsActive>Y</IsActive>
                    <IsTranslated>N</IsTranslated>
                </AD_Ref_List_Trl>
            </AD_Ref_List>
            <AD_Ref_List type="table">
                <AD_Ref_List_ID>652</AD_Ref_List_ID>
                <AD_Client_ID>0</AD_Client_ID>
                <AD_Org_ID>0</AD_Org_ID>
                <AD_Ref_List_ID>652</AD_Ref_List_ID>
                <Name>Direct Debit</Name>
                <Description/>
                <AD_Reference_ID reference="id">195</AD_Reference_ID>
                <ValidFrom/>
                <ValidTo/>
                <Value>D</Value>
                <IsActive>Y</IsActive>
                <EntityType>D</EntityType>
                <AD_Ref_List_UU>2c5f0a44-1d35-4528-802f-9204e46be31e</AD_Ref_List_UU>
                <AD_Ref_List_Trl type="translation">
                    <Description/>
                    <Name>Débito Directo</Name>
                    <AD_Language>es_CO</AD_Language>
                    <IsActive>Y</IsActive>
                    <IsTranslated>Y</IsTranslated>
                </AD_Ref_List_Trl>
                <AD_Ref_List_Trl type="translation">
                    <Description/>
                    <Name>Direct Debit</Name>
                    <AD_Language>es_VE</AD_Language>
                    <IsActive>Y</IsActive>
                    <IsTranslated>N</IsTranslated>
                </AD_Ref_List_Trl>
            </AD_Ref_List>
            <AD_Ref_List type="table">
                <AD_Ref_List_ID>52000</AD_Ref_List_ID>
                <AD_Client_ID>0</AD_Client_ID>
                <AD_Org_ID>0</AD_Org_ID>
                <AD_Ref_List_ID>52000</AD_Ref_List_ID>
                <Name>Mixed POS Payment</Name>
                <Description/>
                <AD_Reference_ID reference="id">195</AD_Reference_ID>
                <ValidFrom/>
                <ValidTo/>
                <Value>M</Value>
                <IsActive>Y</IsActive>
                <EntityType>D</EntityType>
                <AD_Ref_List_UU>c9fff752-a38e-4679-bcec-61f330d1a6cb</AD_Ref_List_UU>
                <AD_Ref_List_Trl type="translation">
                    <Description/>
                    <Name>Multiples Medios de Pago</Name>
                    <AD_Language>es_CO</AD_Language>
                    <IsActive>Y</IsActive>
                    <IsTranslated>Y</IsTranslated>
                </AD_Ref_List_Trl>
                <AD_Ref_List_Trl type="translation">
                    <Description/>
                    <Name>Mixed POS Payment</Name>
                    <AD_Language>es_VE</AD_Language>
                    <IsActive>Y</IsActive>
                    <IsTranslated>N</IsTranslated>
                </AD_Ref_List_Trl>
            </AD_Ref_List>
        </AD_Reference>
        <AD_Val_Rule type="table">
            <AD_Val_Rule_ID>161</AD_Val_Rule_ID>
            <AD_Client_ID>0</AD_Client_ID>
            <AD_Org_ID>0</AD_Org_ID>
            <AD_Val_Rule_ID>161</AD_Val_Rule_ID>
            <Name>All_Payment Rule - no Cash</Name>
            <Description/>
            <Type>S</Type>
            <Code>AD_Ref_List.Value &lt;&gt; 'B' AND AD_Ref_List.Value &lt;&gt; 'M'</Code>
            <IsActive>Y</IsActive>
            <EntityType>D</EntityType>
            <AD_Val_Rule_UU>54ead87f-1eba-4def-a9e4-c62ac8fff343</AD_Val_Rule_UU>
        </AD_Val_Rule>
        <AD_Element type="table">
            <AD_Element_ID>1143</AD_Element_ID>
            <AD_Client_ID>0</AD_Client_ID>
            <AD_Org_ID>0</AD_Org_ID>
            <AD_Element_ID>1143</AD_Element_ID>
            <IsActive>Y</IsActive>
            <ColumnName>PaymentRule</ColumnName>
            <Name>Payment Rule</Name>
            <Description>How you pay the invoice</Description>
            <Help>The Payment Rule indicates the method of invoice payment.</Help>
            <PrintName>Payment Rule</PrintName>
            <PO_Description/>
            <PO_Help/>
            <PO_Name/>
            <PO_PrintName/>
            <EntityType>D</EntityType>
            <AD_Element_UU>8b24817e-d9b7-45c1-8556-219d31aa1240</AD_Element_UU>
            <Placeholder/>
            <AD_Element_Trl type="translation">
                <Help>La Regla de Pagos indica el método de pago de la factura</Help>
                <PO_Description/>
                <PO_Help/>
                <Name>Regla de Pago</Name>
                <Description>Como se pagará la factura</Description>
                <PrintName>Regla de Pago</PrintName>
                <PO_Name/>
                <PO_PrintName/>
                <Placeholder/>
                <AD_Language>es_CO</AD_Language>
                <IsActive>Y</IsActive>
                <IsTranslated>Y</IsTranslated>
            </AD_Element_Trl>
            <AD_Element_Trl type="translation">
                <Help>The Payment Rule indicates the method of invoice payment.</Help>
                <PO_Description/>
                <PO_Help/>
                <Name>Payment Rule</Name>
                <Description>How you pay the invoice</Description>
                <PrintName>Payment Rule</PrintName>
                <PO_Name/>
                <PO_PrintName/>
                <Placeholder/>
                <AD_Language>es_VE</AD_Language>
                <IsActive>Y</IsActive>
                <IsTranslated>N</IsTranslated>
            </AD_Element_Trl>
        </AD_Element>
        <AD_Process_Para type="table">
            <AD_Client_ID>0</AD_Client_ID>
            <AD_Org_ID>0</AD_Org_ID>
            <IsActive>Y</IsActive>
            <Name>Payment Rule</Name>
            <Description>How you pay the invoice</Description>
            <Help>The Payment Rule indicates the method of invoice payment.</Help>
            <AD_Process_ID reference="uuid" reference-key="AD_Process">408f82fc-7b51-411b-b8f6-a3d6ee64b745</AD_Process_ID>
            <SeqNo>90</SeqNo>
            <AD_Reference_ID reference="id">17</AD_Reference_ID>
            <AD_Reference_Value_ID reference="id">195</AD_Reference_Value_ID>
            <IsRange>N</IsRange>
            <AD_Val_Rule_ID reference="id">161</AD_Val_Rule_ID>
            <FieldLength>0</FieldLength>
            <IsMandatory>N</IsMandatory>
            <DefaultValue>S</DefaultValue>
            <VFormat/>
            <ValueMin/>
            <ValueMax/>
            <ColumnName>PaymentRule</ColumnName>
            <DefaultValue2/>
            <IsCentrallyMaintained>Y</IsCentrallyMaintained>
            <EntityType>FTU</EntityType>
            <AD_Element_ID reference="id">1143</AD_Element_ID>
            <ReadOnlyLogic/>
            <DisplayLogic/>
            <AD_Process_Para_UU>36fa5f29-9d6b-4c99-a92f-00b84c680c4f</AD_Process_Para_UU>
            <IsEncrypted>N</IsEncrypted>
            <MandatoryLogic/>
            <Placeholder/>
            <Placeholder2/>
            <AD_Process_Para_Trl type="translation">
                <Help>La Regla de Pagos indica el método de pago de la factura</Help>
                <Name>Regla de Pago</Name>
                <Description>Como se pagará la factura</Description>
                <Placeholder/>
                <Placeholder2/>
                <AD_Language>es_CO</AD_Language>
                <IsActive>Y</IsActive>
                <IsTranslated>Y</IsTranslated>
            </AD_Process_Para_Trl>
            <AD_Process_Para_Trl type="translation">
                <Help>The Payment Rule indicates the method of invoice payment.</Help>
                <Name>Payment Rule</Name>
                <Description>How you pay the invoice</Description>
                <Placeholder/>
                <Placeholder2/>
                <AD_Language>es_VE</AD_Language>
                <IsActive>Y</IsActive>
                <IsTranslated>N</IsTranslated>
            </AD_Process_Para_Trl>
        </AD_Process_Para>
        <AD_Element type="table">
            <AD_Element_ID>203357</AD_Element_ID>
            <AD_Client_ID>0</AD_Client_ID>
            <AD_Org_ID>0</AD_Org_ID>
            <AD_Element_ID>203357</AD_Element_ID>
            <IsActive>Y</IsActive>
            <ColumnName>PositiveBalance</ColumnName>
            <Name>Only positive balance</Name>
            <Description>Include only positive balance</Description>
            <Help/>
            <PrintName>Only positive balance</PrintName>
            <PO_Description/>
            <PO_Help/>
            <PO_Name/>
            <PO_PrintName/>
            <EntityType>D</EntityType>
            <AD_Element_UU>27848071-41b9-4a4f-ada2-aa536af547c7</AD_Element_UU>
            <Placeholder/>
            <AD_Element_Trl type="translation">
                <Help/>
                <PO_Description/>
                <PO_Help/>
                <Name>Only positive balance</Name>
                <Description>Include only positive balance</Description>
                <PrintName>Only positive balance</PrintName>
                <PO_Name/>
                <PO_PrintName/>
                <Placeholder/>
                <AD_Language>es_CO</AD_Language>
                <IsActive>Y</IsActive>
                <IsTranslated>N</IsTranslated>
            </AD_Element_Trl>
            <AD_Element_Trl type="translation">
                <Help/>
                <PO_Description/>
                <PO_Help/>
                <Name>Only positive balance</Name>
                <Description>Include only positive balance</Description>
                <PrintName>Only positive balance</PrintName>
                <PO_Name/>
                <PO_PrintName/>
                <Placeholder/>
                <AD_Language>es_VE</AD_Language>
                <IsActive>Y</IsActive>
                <IsTranslated>N</IsTranslated>
            </AD_Element_Trl>
        </AD_Element>
        <AD_Process_Para type="table">
            <AD_Client_ID>0</AD_Client_ID>
            <AD_Org_ID>0</AD_Org_ID>
            <IsActive>Y</IsActive>
            <Name>Only positive balance</Name>
            <Description>Include only positive balance</Description>
            <Help/>
            <AD_Process_ID reference="uuid" reference-key="AD_Process">408f82fc-7b51-411b-b8f6-a3d6ee64b745</AD_Process_ID>
            <SeqNo>100</SeqNo>
            <AD_Reference_ID reference="id">20</AD_Reference_ID>
            <AD_Reference_Value_ID reference="id"/>
            <IsRange>N</IsRange>
            <AD_Val_Rule_ID reference="id"/>
            <FieldLength>0</FieldLength>
            <IsMandatory>Y</IsMandatory>
            <DefaultValue>Y</DefaultValue>
            <VFormat/>
            <ValueMin/>
            <ValueMax/>
            <ColumnName>PositiveBalance</ColumnName>
            <DefaultValue2/>
            <IsCentrallyMaintained>Y</IsCentrallyMaintained>
            <EntityType>FTU</EntityType>
            <AD_Element_ID reference="id">203357</AD_Element_ID>
            <ReadOnlyLogic/>
            <DisplayLogic>@IsManual@=N</DisplayLogic>
            <AD_Process_Para_UU>76eb2845-4856-4089-9ec1-b20f3a080558</AD_Process_Para_UU>
            <IsEncrypted>N</IsEncrypted>
            <MandatoryLogic/>
            <Placeholder/>
            <Placeholder2/>
            <AD_Process_Para_Trl type="translation">
                <Help/>
                <Name>Only positive balance</Name>
                <Description>Include only positive balance</Description>
                <Placeholder/>
                <Placeholder2/>
                <AD_Language>es_CO</AD_Language>
                <IsActive>Y</IsActive>
                <IsTranslated>N</IsTranslated>
            </AD_Process_Para_Trl>
            <AD_Process_Para_Trl type="translation">
                <Help/>
                <Name>Only positive balance</Name>
                <Description>Include only positive balance</Description>
                <Placeholder/>
                <Placeholder2/>
                <AD_Language>es_VE</AD_Language>
                <IsActive>Y</IsActive>
                <IsTranslated>N</IsTranslated>
            </AD_Process_Para_Trl>
        </AD_Process_Para>
    </AD_Process>
    <SQLStatement type="custom">
        <DBType>Postgres</DBType>
        <statement>
            <![CDATA[alter table c_payselectionline alter column c_invoice_id drop not null;]]>
        </statement>
    </SQLStatement>
</idempiere>
