<?xml version="1.0" encoding="UTF-8"?><idempiere Name="2Pack_1.5.2_UpdateFTU_PaymentRequestValid" Version="1.5.2" idempiereVersion="" DataBaseVersion="" Description="" Author="" AuthorEmail="arodriguez@frontuari.net" CreatedDate="2021-01-07 10:20:27.484" UpdatedDate="2021-01-07 10:31:58.025" PackOutVersion="100" UpdateDictionary="false" Client="0-SYSTEM-System" AD_Client_UU="11237b53-9592-4af1-b3c5-afd216514b5d">
    <AD_Val_Rule type="table">
        <AD_Client_ID>0</AD_Client_ID>
        <AD_Org_ID>0</AD_Org_ID>
        <Name>FTU_PaymentRequest Valid</Name>
        <Description/>
        <Type>S</Type>
        <Code>DocStatus = 'CO'  /*AND NOT EXISTS (SELECT 1 FROM C_PaySelectionLine psl JOIN C_PaySelection ps ON psl.C_PaySelection_ID = ps.C_PaySelection_ID AND ps.IsActive ='Y' WHERE psl.IsActive = 'Y' AND psl.FTU_PaymentRequestLine_ID IN (SELECT FTU_PaymentRequestLine_ID FROM FTU_PaymentRequestLine prl WHERE prl.FTU_PaymentRequest_ID = FTU_PaymentRequest.FTU_PaymentRequest_ID))*/</Code>
        <IsActive>Y</IsActive>
        <EntityType>FTU</EntityType>
        <AD_Val_Rule_UU>f3901a7f-818e-4858-a0f5-917f334a9006</AD_Val_Rule_UU>
    </AD_Val_Rule>
</idempiere>
