<?xml version="1.0" encoding="UTF-8"?><idempiere Name="AD_RelationType" Version="1.0.0" idempiereVersion="7.1.0.202005181257" DataBaseVersion="2019-11-22" Description="" Author="SuperUser" AuthorEmail="superuser @ idempiere.com" CreatedDate="Tue Sep 01 15:32:33 EDT 2020" UpdatedDate="Tue Sep 01 15:32:33 EDT 2020" PackOutVersion="100" UpdateDictionary="true" Client="0-SYSTEM-System" AD_Client_UU="11237b53-9592-4af1-b3c5-afd216514b5d">
    <AD_Reference type="table">
        <AD_Client_ID>0</AD_Client_ID>
        <AD_Org_ID>0</AD_Org_ID>
        <Name>RelType C_PaymentBatch &lt;= C_PaySelection (Checks)</Name>
        <Description>Finds C_PaymentBatchs for a given C_PaySelection_ID</Description>
        <Help/>
        <ValidationType>T</ValidationType>
        <IsActive>Y</IsActive>
        <VFormat/>
        <EntityType>FTU</EntityType>
        <IsOrderByValue>N</IsOrderByValue>
        <AD_Reference_UU>5fad708d-d1c0-493b-883e-d893473130ff</AD_Reference_UU>
        <AD_Element_ID reference="id"/>
        <AD_Reference_Trl type="translation">
            <Description>Finds C_PaymentBatchs for a given C_PaySelection_ID</Description>
            <Help/>
            <Name>RelType C_PaySelection_ID-&gt;C_PaymentBatch</Name>
            <AD_Language>es_CO</AD_Language>
            <IsActive>Y</IsActive>
            <IsTranslated>N</IsTranslated>
        </AD_Reference_Trl>
        <AD_Ref_Table type="table">
            <AD_Client_ID>0</AD_Client_ID>
            <AD_Org_ID>0</AD_Org_ID>
            <AD_Reference_ID reference="uuid" reference-key="AD_Reference">5fad708d-d1c0-493b-883e-d893473130ff</AD_Reference_ID>
            <AD_Table_ID reference="id">411</AD_Table_ID>
            <WhereClause>C_PaymentBatch_ID IN (
  select p.C_PaymentBatch_ID from c_payment p 
inner join C_PaySelectionCheck psc on psc.c_payment_id = p.c_payment_id 
  where psc.C_PaySelection_ID=@C_PaySelection_ID@ 
)</WhereClause>
            <OrderByClause>DocumentNo</OrderByClause>
            <IsActive>Y</IsActive>
            <IsValueDisplayed>N</IsValueDisplayed>
            <EntityType>FTU</EntityType>
            <AD_Window_ID reference="id">303</AD_Window_ID>
            <AD_Ref_Table_UU>9a4c4d45-c0c0-4a75-89e3-ab576ac7460a</AD_Ref_Table_UU>
            <AD_InfoWindow_ID reference="id"/>
            <AD_Display reference="id">5314</AD_Display>
            <AD_Key reference="id">5304</AD_Key>
        </AD_Ref_Table>
    </AD_Reference>
    <AD_Reference type="table">
        <AD_Client_ID>0</AD_Client_ID>
        <AD_Org_ID>0</AD_Org_ID>
        <Name>RelType C_PaySelection &lt;= C_PaymentBatch_ID</Name>
        <Description>Finds C_PaySelections for a given C_PaymentBatch_ID</Description>
        <Help/>
        <ValidationType>T</ValidationType>
        <IsActive>Y</IsActive>
        <VFormat/>
        <EntityType>FTU</EntityType>
        <IsOrderByValue>N</IsOrderByValue>
        <AD_Reference_UU>f18a200a-d97e-4882-b20a-a2900de2e917</AD_Reference_UU>
        <AD_Element_ID reference="id"/>
        <AD_Reference_Trl type="translation">
            <Description>Finds C_PaySelections for a given C_PaymentBatch_ID</Description>
            <Help/>
            <Name>RelType C_PaymentBatch_ID-&gt;C_PaySelection</Name>
            <AD_Language>es_CO</AD_Language>
            <IsActive>Y</IsActive>
            <IsTranslated>N</IsTranslated>
        </AD_Reference_Trl>
        <AD_Ref_Table type="table">
            <AD_Client_ID>0</AD_Client_ID>
            <AD_Org_ID>0</AD_Org_ID>
            <AD_Reference_ID reference="uuid" reference-key="AD_Reference">f18a200a-d97e-4882-b20a-a2900de2e917</AD_Reference_ID>
            <AD_Table_ID reference="id">426</AD_Table_ID>
            <WhereClause>C_PaySelection_ID IN (
select psc.C_PaySelection_ID from C_PaySelectionCheck psc 
inner join C_Payment p on psc.C_Payment_ID = p.C_Payment_ID 
where p.C_PaymentBatch_ID = @C_PaymentBatch_ID@
)</WhereClause>
            <OrderByClause>DocumentNo</OrderByClause>
            <IsActive>Y</IsActive>
            <IsValueDisplayed>N</IsValueDisplayed>
            <EntityType>FTU</EntityType>
            <AD_Window_ID reference="id">206</AD_Window_ID>
            <AD_Ref_Table_UU>79ab0638-0361-4fd9-9da2-dedace5576b9</AD_Ref_Table_UU>
            <AD_InfoWindow_ID reference="id"/>
            <AD_Display reference="uuid" reference-key="AD_Column">2fc6365c-f662-41df-834c-40485e6b41ba</AD_Display>
            <AD_Key reference="id">5609</AD_Key>
        </AD_Ref_Table>
    </AD_Reference>
    <AD_RelationType type="table">
        <AD_Client_ID>0</AD_Client_ID>
        <AD_Org_ID>0</AD_Org_ID>
        <Description/>
        <IsActive>Y</IsActive>
        <Name>Payment Batch &lt;-&gt; Payment Selection</Name>
        <AD_Reference_Source_ID reference="uuid" reference-key="AD_Reference">5fad708d-d1c0-493b-883e-d893473130ff</AD_Reference_Source_ID>
        <AD_Reference_Target_ID reference="uuid" reference-key="AD_Reference">f18a200a-d97e-4882-b20a-a2900de2e917</AD_Reference_Target_ID>
        <IsDirected>N</IsDirected>
        <Role_Source/>
        <Role_Target/>
        <Type>I</Type>
        <AD_RelationType_UU>8cf0dd78-c016-47bc-93c5-b8639f93a99f</AD_RelationType_UU>
    </AD_RelationType>
</idempiere>
