<?xml version="1.0" encoding="UTF-8"?><idempiere Name="PaySelectionDBChanges" Version="1.0.0" idempiereVersion="" DataBaseVersion="" Description="" Author="" AuthorEmail="jcolmenarez@frontuari.net" CreatedDate="2020-03-17 11:30:25.858" UpdatedDate="2020-03-17 11:30:25.858" PackOutVersion="100" UpdateDictionary="false" Client="0-SYSTEM-System" AD_Client_UU="11237b53-9592-4af1-b3c5-afd216514b5d">
    <SQLStatement type="custom">
        <DBType>Postgres</DBType>
        <statement>
            <![CDATA[CREATE OR REPLACE VIEW adempiere.ftu_order_v AS 
SELECT i.c_order_id,
    i.ad_client_id,
    i.ad_org_id,
    i.isactive,
    i.created,
    i.createdby,
    i.updated,
    i.updatedby,
    i.issotrx,
    i.documentno,
    i.docstatus,
    i.docaction,
    i.processing,
    i.processed,
    i.c_doctype_id,
    i.c_doctypetarget_id,
    i.description,
    i.isapproved,
    i.istransferred,
    i.salesrep_id,
    i.dateordered,
    i.dateprinted,
    i.dateacct,
    i.c_bpartner_id,
    i.c_bpartner_location_id,
    i.ad_user_id,
    i.poreference,
    i.c_currency_id,
    i.c_conversiontype_id,
    i.paymentrule,
    i.c_paymentterm_id,
    i.c_charge_id,
    i.m_pricelist_id,
    i.c_campaign_id,
    i.c_project_id,
    i.c_activity_id,
    i.isprinted,
    i.isdiscountprinted,
    i.ispayschedulevalid,
    NULL::numeric AS c_orderpayschedule_id,
        CASE
            WHEN charat(d.docbasetype::character varying, 3)::text = 'C'::text THEN i.chargeamt * '-1'::integer::numeric
            ELSE i.chargeamt
        END AS chargeamt,
        CASE
            WHEN charat(d.docbasetype::character varying, 3)::text = 'C'::text THEN i.totallines * '-1'::integer::numeric
            ELSE i.totallines
        END AS totallines,
        CASE
            WHEN charat(d.docbasetype::character varying, 3)::text = 'C'::text THEN i.grandtotal * '-1'::integer::numeric
            ELSE i.grandtotal
        END AS grandtotal,
        CASE
            WHEN charat(d.docbasetype::character varying, 3)::text = 'C'::text THEN '-1.0'::numeric
            ELSE 1.0
        END AS multiplier,
        CASE
            WHEN charat(d.docbasetype::character varying, 2)::text = 'P'::text THEN '-1.0'::numeric
            ELSE 1.0
        END AS multiplierap,
    d.docbasetype,
    paymenttermduedate(i.c_paymentterm_id, i.dateordered::timestamp with time zone) AS duedate,
    i.ad_orgtrx_id,
    i.c_payment_id,
    i.isselfservice,
    i.posted,
    i.processedon 
   FROM c_order i
     JOIN c_doctype d ON i.c_doctype_id = d.c_doctype_id
  WHERE i.ispayschedulevalid <> 'Y'::bpchar
  UNION
 SELECT i.c_order_id,
    i.ad_client_id,
    i.ad_org_id,
    i.isactive,
    i.created,
    i.createdby,
    i.updated,
    i.updatedby,
    i.issotrx,
    i.documentno,
    i.docstatus,
    i.docaction,
    i.processing,
    i.processed,
    i.c_doctype_id,
    i.c_doctypetarget_id,
    i.description,
    i.isapproved,
    i.istransferred,
    i.salesrep_id,
    i.dateordered,
    i.dateprinted,
    i.dateacct,
    i.c_bpartner_id,
    i.c_bpartner_location_id,
    i.ad_user_id,
    i.poreference,
    i.c_currency_id,
    i.c_conversiontype_id,
    i.paymentrule,
    i.c_paymentterm_id,
    i.c_charge_id,
    i.m_pricelist_id,
    i.c_campaign_id,
    i.c_project_id,
    i.c_activity_id,
    i.isprinted,
    i.isdiscountprinted,
    i.ispayschedulevalid,
    ips.c_orderpayschedule_id,
    NULL::numeric AS chargeamt,
    NULL::numeric AS totallines,
        CASE
            WHEN charat(d.docbasetype::character varying, 3)::text = 'C'::text THEN ips.dueamt * '-1'::integer::numeric
            ELSE ips.dueamt
        END AS grandtotal,
        CASE
            WHEN charat(d.docbasetype::character varying, 3)::text = 'C'::text THEN '-1'::integer
            ELSE 1
        END AS multiplier,
        CASE
            WHEN charat(d.docbasetype::character varying, 2)::text = 'P'::text THEN '-1'::integer
            ELSE 1
        END AS multiplierap,
    d.docbasetype,
    ips.duedate,
    i.ad_orgtrx_id,
    i.c_payment_id,
    i.isselfservice,
    i.posted,
    i.processedon
   FROM c_order i
     JOIN c_doctype d ON i.c_doctype_id = d.c_doctype_id
     JOIN c_orderpayschedule ips ON i.c_order_id = ips.c_order_id
  WHERE i.ispayschedulevalid = 'Y'::bpchar AND ips.isvalid = 'Y'::bpchar;  ]]>
        </statement>
    </SQLStatement>
    <SQLStatement type="custom">
        <DBType>Postgres</DBType>
        <statement>
            <![CDATA[CREATE OR REPLACE FUNCTION adempiere.ftuorderopen(p_c_order_id numeric, p_c_orderpayschedule_id numeric)
 RETURNS numeric
 LANGUAGE plpgsql
 STABLE
AS $function$
DECLARE
    v_Currency_ID       NUMERIC(10);
    v_TotalOpenAmt      NUMERIC := 0;
    v_PaidAmt           NUMERIC := 0;
    v_Remaining         NUMERIC := 0;
        v_MultiplierAP          NUMERIC := 0;
        v_MultiplierCM          NUMERIC := 0;
        v_Temp                  NUMERIC := 0;
        v_Precision             NUMERIC := 0;
        v_Min               NUMERIC := 0;
        ar          RECORD;
        s           RECORD;

BEGIN
    --  Get Currency
    BEGIN
        SELECT  MAX(C_Currency_ID), SUM(GrandTotal), MAX(MultiplierAP), MAX(Multiplier)
        INTO    v_Currency_ID, v_TotalOpenAmt, v_MultiplierAP, v_MultiplierCM
        FROM    FTU_Order_v     --  corrected for CM / Split Payment
        WHERE   C_Order_ID = p_C_Order_ID;
    EXCEPTION   --  Order in draft form
        WHEN OTHERS THEN
                RAISE NOTICE 'OrderOpen - %', SQLERRM;
            RETURN NULL;
    END;

    SELECT StdPrecision
        INTO v_Precision
        FROM C_Currency
        WHERE C_Currency_ID = v_Currency_ID;

    SELECT 1/10^v_Precision INTO v_Min;

    --  Calculate Allocated Amount
    FOR ar IN 
        SELECT  al.AD_Client_ID, al.AD_Org_ID,
        al.PayAmt AS Amount, al.DiscountAmt, al.WriteOffAmt,
        al.C_Currency_ID, al.DateTrx, al.C_ConversionType_ID 
        FROM    C_Payment al
        WHERE   al.C_Order_ID = p_C_Order_ID
            AND   al.IsActive='Y' AND al.IsPrepayment = 'Y' 
            AND NOT EXISTS (SELECT 1 FROM C_AllocationLine allo 
                JOIN C_AllocationHdr ah ON ah.C_AllocationHdr_ID = allo.C_AllocationHdr_ID 
                WHERE ah.DocStatus = 'CO' AND allo.C_Payment_ID = al.C_Payment_ID) 
    LOOP
        v_Temp := ar.Amount + ar.DisCountAmt + ar.WriteOffAmt;
        v_PaidAmt := v_PaidAmt
        -- Allocation
            + currencyConvert(v_Temp * v_MultiplierAP,
                ar.C_Currency_ID, v_Currency_ID, ar.DateTrx, ar.C_ConversionType_ID, ar.AD_Client_ID, ar.AD_Org_ID);
        RAISE NOTICE '   PaidAmt=% , Allocation= % * %', v_PaidAmt, v_Temp, v_MultiplierAP;
    END LOOP;

    --  Do we have a Payment Schedule ?
    IF (p_C_OrderPaySchedule_ID > 0) THEN --   if not valid = lists Order amount
        v_Remaining := v_PaidAmt;
        FOR s IN 
            SELECT  C_OrderPaySchedule_ID, DueAmt
            FROM    C_OrderPaySchedule
        WHERE   C_Order_ID = p_C_Order_ID
            AND   IsValid='Y'
            ORDER BY DueDate
        LOOP
            IF (s.C_OrderPaySchedule_ID = p_C_OrderPaySchedule_ID) THEN
                v_TotalOpenAmt := (s.DueAmt*v_MultiplierCM) - v_Remaining;
                IF (s.DueAmt - v_Remaining < 0) THEN
                    v_TotalOpenAmt := 0;
                END IF;
            ELSE -- calculate amount, which can be allocated to next schedule
                v_Remaining := v_Remaining - s.DueAmt;
                IF (v_Remaining < 0) THEN
                    v_Remaining := 0;
                END IF;
            END IF;
        END LOOP;
    ELSE
        v_TotalOpenAmt := v_TotalOpenAmt - v_PaidAmt;
    END IF;
--  RAISE NOTICE ''== Total='' || v_TotalOpenAmt;

    --  Ignore Rounding
    IF (v_TotalOpenAmt > -v_Min AND v_TotalOpenAmt < v_Min) THEN
        v_TotalOpenAmt := 0;
    END IF;

    --  Round to currency precision
    v_TotalOpenAmt := ROUND(COALESCE(v_TotalOpenAmt,0), v_Precision);
    RETURN  v_TotalOpenAmt;
END;

$function$
;]]>
        </statement>
    </SQLStatement>
    <SQLStatement type="custom">
        <DBType>Postgres</DBType>
        <statement>
            <![CDATA[CREATE OR REPLACE FUNCTION adempiere.ftuorderdiscount(p_c_order_id numeric, p_paydate timestamp with time zone, p_c_orderpayschedule_id numeric)
 RETURNS numeric
 LANGUAGE plpgsql
 STABLE
AS $function$
/*************************************************************************
 * The contents of this file are subject to the Compiere License.  You may
 * obtain a copy of the License at    http://www.compiere.org/license.html
 * Software is on an  "AS IS" basis,  WITHOUT WARRANTY OF ANY KIND, either
 * express or implied. See the License for details. Code: Compiere ERP+CRM
 * Copyright (C) 1999-2001 Jorg Janke, ComPiere, Inc. All Rights Reserved.
 *
 * converted to postgreSQL by Karsten Thiemann (Schaeffer AG), 
 * kthiemann@adempiere.org
 *************************************************************************
 ***
 * Title:	Calculate Payment Discount Amount
 * Description:
 *			- Calculate discountable amount (i.e. with or without tax)
 *			- Calculate and return payment discount
 * Test:
 * 		select FTUOrderDiscount(109, now(), 103) from ad_system; => 0
 ************************************************************************/
DECLARE
	v_Amount		NUMERIC;
	v_IsDiscountLineAmt	CHAR(1);
	v_GrandTotal		NUMERIC;
	v_TotalLines		NUMERIC;
	v_C_PaymentTerm_ID	NUMERIC(10);
	v_C_Currency_ID		NUMERIC(10);
	v_DocDate		timestamp with time zone;
	v_PayDate		timestamp with time zone := now();
    	v_IsPayScheduleValid    CHAR(1);

BEGIN
	SELECT 	ci.IsDiscountLineAmt, i.GrandTotal, i.TotalLines,
		i.C_PaymentTerm_ID, i.DateOrdered, i.IsPayScheduleValid, C_Currency_ID
	INTO 	v_IsDiscountLineAmt, v_GrandTotal, v_TotalLines,
		v_C_PaymentTerm_ID, v_DocDate, v_IsPayScheduleValid, v_C_Currency_ID
	FROM 	AD_ClientInfo ci, C_Order i
	WHERE 	ci.AD_Client_ID=i.AD_Client_ID
	  AND 	i.C_Order_ID=p_C_Order_ID;
	  
	--	What Amount is the Discount Base?
 	IF (v_IsDiscountLineAmt = 'Y') THEN
		v_Amount := v_TotalLines;
	ELSE
		v_Amount := v_GrandTotal;
	END IF;

	--	Anything to discount?
	IF (v_Amount = 0) THEN
		RETURN 0;
   	END IF;
	IF (p_PayDate IS NOT NULL) THEN
		v_PayDate := p_PayDate;
  	END IF;

    --  Valid Payment Schedule
    IF (v_IsPayScheduleValid='Y' AND p_C_OrderPaySchedule_ID > 0) THEN
        SELECT COALESCE(MAX(DiscountAmt),0)
          INTO v_Amount
        FROM C_OrderPaySchedule
        WHERE C_OrderPaySchedule_ID=p_C_OrderPaySchedule_ID
          AND DiscountDate >= v_PayDate;
        --
        RETURN v_Amount;
    END IF;

	--	return discount amount	
	RETURN paymentTermDiscount (v_Amount, v_C_Currency_ID, v_C_PaymentTerm_ID, v_DocDate, p_PayDate);

--	Most likely if Order not found
EXCEPTION
	WHEN OTHERS THEN
		RETURN NULL;
END;

$function$
;]]>
        </statement>
    </SQLStatement>
    <SQLStatement type="custom">
        <DBType>Postgres</DBType>
        <statement>
            <![CDATA[CREATE OR REPLACE FUNCTION adempiere.ftuorderwriteoff(p_c_order_id numeric)
 RETURNS numeric
 LANGUAGE plpgsql
 STABLE
AS $function$
DECLARE
    v_Amount NUMERIC;
    v_ClientId C_Order.AD_Client_ID%TYPE;
    custom_function AD_SysConfig.Value%TYPE;
    command VARCHAR(1000);
BEGIN
    SELECT AD_Client_ID INTO v_ClientId FROM C_Order WHERE C_Order_ID=p_C_Order_ID;
    custom_function := get_Sysconfig('PAYSELECTION_CUSTOM_ORDERWRITEOFF_FUNCTION', '', v_ClientId, 0);
    IF LENGTH(custom_function) > 0
    THEN
	command := 'SELECT '||custom_function||'('||p_C_Order_ID||')';
        EXECUTE command INTO v_Amount;
    ELSE
        v_Amount := 0;
    END IF;
    RETURN v_Amount;
END;
$function$
;]]>
        </statement>
    </SQLStatement>
    <SQLStatement type="custom">
        <DBType>Postgres</DBType>
        <statement>
            <![CDATA[ALTER TABLE c_payselectionline ALTER COLUMN c_invoice_id DROP NOT NULL;]]>
        </statement>
    </SQLStatement>
</idempiere>
