<?xml version="1.0" encoding="UTF-8"?><idempiere Name="PaySelectionManual" Version="1.0.7" idempiereVersion="" DataBaseVersion="" Description="" Author="" AuthorEmail="jcolmenarez@frontuari.net" CreatedDate="2020-03-28 13:27:01.194" UpdatedDate="2020-03-28 13:27:06.483" PackOutVersion="100" UpdateDictionary="false" Client="0-SYSTEM-System" AD_Client_UU="11237b53-9592-4af1-b3c5-afd216514b5d">
    <AD_Menu type="table">
        <Parent_ID reference="id">236</Parent_ID>
        <SeqNo>22</SeqNo>
        <AD_Menu_ID>255</AD_Menu_ID>
        <AD_Client_ID>0</AD_Client_ID>
        <AD_Org_ID>0</AD_Org_ID>
        <AD_Menu_ID>255</AD_Menu_ID>
        <Name>Payment Selection</Name>
        <Description>Select Invoices for Payment</Description>
        <Action>W</Action>
        <AD_Window_ID reference="id">206</AD_Window_ID>
        <AD_Workflow_ID reference="id"/>
        <AD_Task_ID reference="id"/>
        <IsActive>Y</IsActive>
        <IsSummary>N</IsSummary>
        <AD_Process_ID reference="id"/>
        <IsSOTrx>N</IsSOTrx>
        <AD_Form_ID reference="id"/>
        <IsReadOnly>N</IsReadOnly>
        <EntityType>D</EntityType>
        <IsCentrallyMaintained>Y</IsCentrallyMaintained>
        <AD_Menu_UU>5cf3542f-1641-47fd-8242-ee2fcb99d8e3</AD_Menu_UU>
        <AD_InfoWindow_ID reference="id"/>
        <AD_Menu_Trl type="translation">
            <Name>Selección de Pago</Name>
            <Description>Seleccionar facturas para pago</Description>
            <AD_Language>es_CO</AD_Language>
            <IsActive>Y</IsActive>
            <IsTranslated>Y</IsTranslated>
        </AD_Menu_Trl>
        <AD_Process type="table">
            <AD_Client_ID>0</AD_Client_ID>
            <AD_Org_ID>0</AD_Org_ID>
            <IsActive>Y</IsActive>
            <Name>Create From ...</Name>
            <Description/>
            <Help/>
            <ProcedureName/>
            <IsReport>N</IsReport>
            <Value>FTUC_PaySelection_CreateFrom</Value>
            <IsDirectPrint>N</IsDirectPrint>
            <AD_ReportView_ID reference="id"/>
            <Classname>net.frontuari.payselection.process.PaySelectionCreateFrom</Classname>
            <AccessLevel>1</AccessLevel>
            <EntityType>FTU</EntityType>
            <Statistic_Count>4</Statistic_Count>
            <Statistic_Seconds>4</Statistic_Seconds>
            <AD_PrintFormat_ID reference="id"/>
            <WorkflowValue/>
            <AD_Workflow_ID reference="id"/>
            <IsBetaFunctionality>N</IsBetaFunctionality>
            <IsServerProcess>N</IsServerProcess>
            <ShowHelp>Y</ShowHelp>
            <JasperReport/>
            <AD_Form_ID reference="id"/>
            <CopyFromProcess/>
            <AD_Process_UU>408f82fc-7b51-411b-b8f6-a3d6ee64b745</AD_Process_UU>
            <AD_CtxHelp_ID reference="id"/>
            <ExecutionType/>
            <AllowMultipleExecution>P</AllowMultipleExecution>
            <AD_Process_Trl type="translation">
                <Help/>
                <Description/>
                <Name>Crear Desde</Name>
                <AD_Language>es_CO</AD_Language>
                <IsActive>Y</IsActive>
                <IsTranslated>N</IsTranslated>
            </AD_Process_Trl>
            <AD_Process_Para type="table">
                <AD_Client_ID>0</AD_Client_ID>
                <AD_Org_ID>0</AD_Org_ID>
                <IsActive>Y</IsActive>
                <Name>Only positive balance</Name>
                <Description>Include only positive balance</Description>
                <Help/>
                <AD_Process_ID reference="uuid" reference-key="AD_Process">408f82fc-7b51-411b-b8f6-a3d6ee64b745</AD_Process_ID>
                <SeqNo>100</SeqNo>
                <AD_Reference_ID reference="id">20</AD_Reference_ID>
                <AD_Reference_Value_ID reference="id"/>
                <IsRange>N</IsRange>
                <AD_Val_Rule_ID reference="id"/>
                <FieldLength>0</FieldLength>
                <IsMandatory>Y</IsMandatory>
                <DefaultValue>Y</DefaultValue>
                <VFormat/>
                <ValueMin/>
                <ValueMax/>
                <ColumnName>PositiveBalance</ColumnName>
                <DefaultValue2/>
                <IsCentrallyMaintained>Y</IsCentrallyMaintained>
                <EntityType>FTU</EntityType>
                <AD_Element_ID reference="id">203357</AD_Element_ID>
                <ReadOnlyLogic/>
                <DisplayLogic>@IsManual@=N</DisplayLogic>
                <AD_Process_Para_UU>76eb2845-4856-4089-9ec1-b20f3a080558</AD_Process_Para_UU>
                <IsEncrypted>N</IsEncrypted>
                <MandatoryLogic/>
                <Placeholder/>
                <Placeholder2/>
                <AD_Process_Para_Trl type="translation">
                    <Help/>
                    <Name>Only positive balance</Name>
                    <Description>Include only positive balance</Description>
                    <Placeholder/>
                    <Placeholder2/>
                    <AD_Language>es_CO</AD_Language>
                    <IsActive>Y</IsActive>
                    <IsTranslated>N</IsTranslated>
                </AD_Process_Para_Trl>
            </AD_Process_Para>
            <AD_Process_Para type="table">
                <AD_Client_ID>0</AD_Client_ID>
                <AD_Org_ID>0</AD_Org_ID>
                <IsActive>Y</IsActive>
                <Name>Payment Rule</Name>
                <Description>How you pay the invoice</Description>
                <Help>The Payment Rule indicates the method of invoice payment.</Help>
                <AD_Process_ID reference="uuid" reference-key="AD_Process">408f82fc-7b51-411b-b8f6-a3d6ee64b745</AD_Process_ID>
                <SeqNo>90</SeqNo>
                <AD_Reference_ID reference="id">17</AD_Reference_ID>
                <AD_Reference_Value_ID reference="id">195</AD_Reference_Value_ID>
                <IsRange>N</IsRange>
                <AD_Val_Rule_ID reference="id">161</AD_Val_Rule_ID>
                <FieldLength>0</FieldLength>
                <IsMandatory>N</IsMandatory>
                <DefaultValue>S</DefaultValue>
                <VFormat/>
                <ValueMin/>
                <ValueMax/>
                <ColumnName>PaymentRule</ColumnName>
                <DefaultValue2/>
                <IsCentrallyMaintained>Y</IsCentrallyMaintained>
                <EntityType>FTU</EntityType>
                <AD_Element_ID reference="id">1143</AD_Element_ID>
                <ReadOnlyLogic/>
                <DisplayLogic/>
                <AD_Process_Para_UU>36fa5f29-9d6b-4c99-a92f-00b84c680c4f</AD_Process_Para_UU>
                <IsEncrypted>N</IsEncrypted>
                <MandatoryLogic/>
                <Placeholder/>
                <Placeholder2/>
                <AD_Process_Para_Trl type="translation">
                    <Help>La Regla de Pagos indica el método de pago de la factura</Help>
                    <Name>Regla de Pago</Name>
                    <Description>Como se pagará la factura</Description>
                    <Placeholder/>
                    <Placeholder2/>
                    <AD_Language>es_CO</AD_Language>
                    <IsActive>Y</IsActive>
                    <IsTranslated>Y</IsTranslated>
                </AD_Process_Para_Trl>
            </AD_Process_Para>
            <AD_Process_Para type="table">
                <AD_Client_ID>0</AD_Client_ID>
                <AD_Org_ID>0</AD_Org_ID>
                <IsActive>Y</IsActive>
                <Name>Match Requirement</Name>
                <Description>Matching Requirement for Invoice</Description>
                <Help/>
                <AD_Process_ID reference="uuid" reference-key="AD_Process">408f82fc-7b51-411b-b8f6-a3d6ee64b745</AD_Process_ID>
                <SeqNo>80</SeqNo>
                <AD_Reference_ID reference="id">17</AD_Reference_ID>
                <AD_Reference_Value_ID reference="id">360</AD_Reference_Value_ID>
                <IsRange>N</IsRange>
                <AD_Val_Rule_ID reference="id"/>
                <FieldLength>1</FieldLength>
                <IsMandatory>Y</IsMandatory>
                <DefaultValue>N</DefaultValue>
                <VFormat/>
                <ValueMin/>
                <ValueMax/>
                <ColumnName>MatchRequirement</ColumnName>
                <DefaultValue2/>
                <IsCentrallyMaintained>Y</IsCentrallyMaintained>
                <EntityType>FTU</EntityType>
                <AD_Element_ID reference="id">2866</AD_Element_ID>
                <ReadOnlyLogic/>
                <DisplayLogic>@IsManual@=N</DisplayLogic>
                <AD_Process_Para_UU>4d224668-1ea7-4841-be7c-be7e46531df0</AD_Process_Para_UU>
                <IsEncrypted>N</IsEncrypted>
                <MandatoryLogic/>
                <Placeholder/>
                <Placeholder2/>
                <AD_Process_Para_Trl type="translation">
                    <Help/>
                    <Name>Asignar Requerimientos</Name>
                    <Description>Asignar Requerimientos para Factura</Description>
                    <Placeholder/>
                    <Placeholder2/>
                    <AD_Language>es_CO</AD_Language>
                    <IsActive>Y</IsActive>
                    <IsTranslated>Y</IsTranslated>
                </AD_Process_Para_Trl>
            </AD_Process_Para>
            <AD_Process_Para type="table">
                <AD_Client_ID>0</AD_Client_ID>
                <AD_Org_ID>0</AD_Org_ID>
                <IsActive>Y</IsActive>
                <Name>Include Disputed</Name>
                <Description>Include disputed Invoices</Description>
                <Help/>
                <AD_Process_ID reference="uuid" reference-key="AD_Process">408f82fc-7b51-411b-b8f6-a3d6ee64b745</AD_Process_ID>
                <SeqNo>70</SeqNo>
                <AD_Reference_ID reference="id">20</AD_Reference_ID>
                <AD_Reference_Value_ID reference="id"/>
                <IsRange>N</IsRange>
                <AD_Val_Rule_ID reference="id"/>
                <FieldLength>0</FieldLength>
                <IsMandatory>N</IsMandatory>
                <DefaultValue>N</DefaultValue>
                <VFormat/>
                <ValueMin/>
                <ValueMax/>
                <ColumnName>IncludeInDispute</ColumnName>
                <DefaultValue2/>
                <IsCentrallyMaintained>Y</IsCentrallyMaintained>
                <EntityType>FTU</EntityType>
                <AD_Element_ID reference="id">2572</AD_Element_ID>
                <ReadOnlyLogic/>
                <DisplayLogic>@IsManual@=N</DisplayLogic>
                <AD_Process_Para_UU>db16e049-437e-4795-be6d-de019a83830d</AD_Process_Para_UU>
                <IsEncrypted>N</IsEncrypted>
                <MandatoryLogic/>
                <Placeholder/>
                <Placeholder2/>
                <AD_Process_Para_Trl type="translation">
                    <Help/>
                    <Name>Incluye en Negociación</Name>
                    <Description>Incluye en Negociación</Description>
                    <Placeholder/>
                    <Placeholder2/>
                    <AD_Language>es_CO</AD_Language>
                    <IsActive>Y</IsActive>
                    <IsTranslated>Y</IsTranslated>
                </AD_Process_Para_Trl>
            </AD_Process_Para>
            <AD_Process_Para type="table">
                <AD_Client_ID>0</AD_Client_ID>
                <AD_Org_ID>0</AD_Org_ID>
                <IsActive>Y</IsActive>
                <Name>Due Date</Name>
                <Description>Date when the payment is due</Description>
                <Help>Date when the payment is due without deductions or discount</Help>
                <AD_Process_ID reference="uuid" reference-key="AD_Process">408f82fc-7b51-411b-b8f6-a3d6ee64b745</AD_Process_ID>
                <SeqNo>60</SeqNo>
                <AD_Reference_ID reference="id">15</AD_Reference_ID>
                <AD_Reference_Value_ID reference="id"/>
                <IsRange>N</IsRange>
                <AD_Val_Rule_ID reference="id"/>
                <FieldLength>7</FieldLength>
                <IsMandatory>N</IsMandatory>
                <DefaultValue/>
                <VFormat/>
                <ValueMin/>
                <ValueMax/>
                <ColumnName>DueDate</ColumnName>
                <DefaultValue2/>
                <IsCentrallyMaintained>Y</IsCentrallyMaintained>
                <EntityType>FTU</EntityType>
                <AD_Element_ID reference="id">2000</AD_Element_ID>
                <ReadOnlyLogic/>
                <DisplayLogic>@OnlyDue@=Y &amp; @IsManual@=N</DisplayLogic>
                <AD_Process_Para_UU>89918702-d591-4568-8e65-c9c166de258d</AD_Process_Para_UU>
                <IsEncrypted>N</IsEncrypted>
                <MandatoryLogic/>
                <Placeholder/>
                <Placeholder2/>
                <AD_Process_Para_Trl type="translation">
                    <Help>Fecha cuando el pago es vencido sin deducciones o descuento</Help>
                    <Name>Fecha Vencimiento</Name>
                    <Description>Fecha cuando el pago es vencido.</Description>
                    <Placeholder/>
                    <Placeholder2/>
                    <AD_Language>es_CO</AD_Language>
                    <IsActive>Y</IsActive>
                    <IsTranslated>Y</IsTranslated>
                </AD_Process_Para_Trl>
            </AD_Process_Para>
            <AD_Process_Para type="table">
                <AD_Client_ID>0</AD_Client_ID>
                <AD_Org_ID>0</AD_Org_ID>
                <IsActive>Y</IsActive>
                <Name>Only Due</Name>
                <Description>Include only due invoices</Description>
                <Help/>
                <AD_Process_ID reference="uuid" reference-key="AD_Process">408f82fc-7b51-411b-b8f6-a3d6ee64b745</AD_Process_ID>
                <SeqNo>50</SeqNo>
                <AD_Reference_ID reference="id">20</AD_Reference_ID>
                <AD_Reference_Value_ID reference="id"/>
                <IsRange>N</IsRange>
                <AD_Val_Rule_ID reference="id"/>
                <FieldLength>0</FieldLength>
                <IsMandatory>Y</IsMandatory>
                <DefaultValue>Y</DefaultValue>
                <VFormat/>
                <ValueMin/>
                <ValueMax/>
                <ColumnName>OnlyDue</ColumnName>
                <DefaultValue2/>
                <IsCentrallyMaintained>Y</IsCentrallyMaintained>
                <EntityType>FTU</EntityType>
                <AD_Element_ID reference="id">1674</AD_Element_ID>
                <ReadOnlyLogic/>
                <DisplayLogic>@IsManual@=N</DisplayLogic>
                <AD_Process_Para_UU>a36e8eda-f14c-47bb-9c23-a08a47b4b8db</AD_Process_Para_UU>
                <IsEncrypted>N</IsEncrypted>
                <MandatoryLogic/>
                <Placeholder/>
                <Placeholder2/>
                <AD_Process_Para_Trl type="translation">
                    <Help/>
                    <Name>Sólo vencidas</Name>
                    <Description>Incluye solamente facturas que se encuentren vencidas en la fecha de pago seleccionada</Description>
                    <Placeholder/>
                    <Placeholder2/>
                    <AD_Language>es_CO</AD_Language>
                    <IsActive>Y</IsActive>
                    <IsTranslated>Y</IsTranslated>
                </AD_Process_Para_Trl>
            </AD_Process_Para>
            <AD_Process_Para type="table">
                <AD_Client_ID>0</AD_Client_ID>
                <AD_Org_ID>0</AD_Org_ID>
                <IsActive>Y</IsActive>
                <Name>Only Discount</Name>
                <Description>Include only invoices where we would get payment discount</Description>
                <Help/>
                <AD_Process_ID reference="uuid" reference-key="AD_Process">408f82fc-7b51-411b-b8f6-a3d6ee64b745</AD_Process_ID>
                <SeqNo>40</SeqNo>
                <AD_Reference_ID reference="id">20</AD_Reference_ID>
                <AD_Reference_Value_ID reference="id"/>
                <IsRange>N</IsRange>
                <AD_Val_Rule_ID reference="id"/>
                <FieldLength>0</FieldLength>
                <IsMandatory>Y</IsMandatory>
                <DefaultValue>N</DefaultValue>
                <VFormat/>
                <ValueMin/>
                <ValueMax/>
                <ColumnName>OnlyDiscount</ColumnName>
                <DefaultValue2/>
                <IsCentrallyMaintained>Y</IsCentrallyMaintained>
                <EntityType>FTU</EntityType>
                <AD_Element_ID reference="id">1673</AD_Element_ID>
                <ReadOnlyLogic/>
                <DisplayLogic>@IsManual@=N</DisplayLogic>
                <AD_Process_Para_UU>65158f66-faf6-410f-a8c5-c34509b69c18</AD_Process_Para_UU>
                <IsEncrypted>N</IsEncrypted>
                <MandatoryLogic/>
                <Placeholder/>
                <Placeholder2/>
                <AD_Process_Para_Trl type="translation">
                    <Help/>
                    <Name>Sólo Descuento</Name>
                    <Description>Incluye solamente facturas donde se obtienen descuentos en pagos</Description>
                    <Placeholder/>
                    <Placeholder2/>
                    <AD_Language>es_CO</AD_Language>
                    <IsActive>Y</IsActive>
                    <IsTranslated>Y</IsTranslated>
                </AD_Process_Para_Trl>
            </AD_Process_Para>
            <AD_Process_Para type="table">
                <AD_Client_ID>0</AD_Client_ID>
                <AD_Org_ID>0</AD_Org_ID>
                <IsActive>Y</IsActive>
                <Name>Business Partner Group</Name>
                <Description>Business Partner Group</Description>
                <Help>The Business Partner Group provides a method of defining defaults to be used for individual Business Partners.</Help>
                <AD_Process_ID reference="uuid" reference-key="AD_Process">408f82fc-7b51-411b-b8f6-a3d6ee64b745</AD_Process_ID>
                <SeqNo>20</SeqNo>
                <AD_Reference_ID reference="id">19</AD_Reference_ID>
                <AD_Reference_Value_ID reference="id"/>
                <IsRange>N</IsRange>
                <AD_Val_Rule_ID reference="id"/>
                <FieldLength>0</FieldLength>
                <IsMandatory>N</IsMandatory>
                <DefaultValue>-1</DefaultValue>
                <VFormat/>
                <ValueMin/>
                <ValueMax/>
                <ColumnName>C_BP_Group_ID</ColumnName>
                <DefaultValue2/>
                <IsCentrallyMaintained>Y</IsCentrallyMaintained>
                <EntityType>FTU</EntityType>
                <AD_Element_ID reference="id">1383</AD_Element_ID>
                <ReadOnlyLogic/>
                <DisplayLogic>@IsManual@=N</DisplayLogic>
                <AD_Process_Para_UU>b30ae552-2ac6-48c0-92ca-6b3f3fa2a29d</AD_Process_Para_UU>
                <IsEncrypted>N</IsEncrypted>
                <MandatoryLogic/>
                <Placeholder/>
                <Placeholder2/>
                <AD_Process_Para_Trl type="translation">
                    <Help/>
                    <Name>Grupo de Terceros</Name>
                    <Description/>
                    <Placeholder/>
                    <Placeholder2/>
                    <AD_Language>es_CO</AD_Language>
                    <IsActive>Y</IsActive>
                    <IsTranslated>Y</IsTranslated>
                </AD_Process_Para_Trl>
            </AD_Process_Para>
            <AD_Process_Para type="table">
                <AD_Client_ID>0</AD_Client_ID>
                <AD_Org_ID>0</AD_Org_ID>
                <IsActive>Y</IsActive>
                <Name>Business Partner </Name>
                <Description>Identifies a Business Partner</Description>
                <Help>A Business Partner is anyone with whom you transact.  This can include Vendor, Customer, Employee or Salesperson</Help>
                <AD_Process_ID reference="uuid" reference-key="AD_Process">408f82fc-7b51-411b-b8f6-a3d6ee64b745</AD_Process_ID>
                <SeqNo>30</SeqNo>
                <AD_Reference_ID reference="id">30</AD_Reference_ID>
                <AD_Reference_Value_ID reference="id"/>
                <IsRange>N</IsRange>
                <AD_Val_Rule_ID reference="id"/>
                <FieldLength>0</FieldLength>
                <IsMandatory>N</IsMandatory>
                <DefaultValue/>
                <VFormat/>
                <ValueMin/>
                <ValueMax/>
                <ColumnName>C_BPartner_ID</ColumnName>
                <DefaultValue2/>
                <IsCentrallyMaintained>N</IsCentrallyMaintained>
                <EntityType>FTU</EntityType>
                <AD_Element_ID reference="id"/>
                <ReadOnlyLogic/>
                <DisplayLogic/>
                <AD_Process_Para_UU>10a9e7f1-027c-46a0-a576-367aaa5b7fd0</AD_Process_Para_UU>
                <IsEncrypted>N</IsEncrypted>
                <MandatoryLogic>@IsManual@=Y</MandatoryLogic>
                <Placeholder/>
                <Placeholder2/>
                <AD_Process_Para_Trl type="translation">
                    <Help>Un tercero es cualquiera con quien usted realiza transacciones. Este puede incluir Proveedores, Clientes, Empleados o Vendedores.</Help>
                    <Name>Tercero</Name>
                    <Description>Identifica un Tercero</Description>
                    <Placeholder/>
                    <Placeholder2/>
                    <AD_Language>es_CO</AD_Language>
                    <IsActive>Y</IsActive>
                    <IsTranslated>Y</IsTranslated>
                </AD_Process_Para_Trl>
            </AD_Process_Para>
            <AD_Process_Para type="table">
                <AD_Client_ID>0</AD_Client_ID>
                <AD_Org_ID>0</AD_Org_ID>
                <IsActive>Y</IsActive>
                <Name>Manual</Name>
                <Description>This is a manual process</Description>
                <Help>The Manual check box indicates if the process will done manually.</Help>
                <AD_Process_ID reference="uuid" reference-key="AD_Process">408f82fc-7b51-411b-b8f6-a3d6ee64b745</AD_Process_ID>
                <SeqNo>10</SeqNo>
                <AD_Reference_ID reference="id">20</AD_Reference_ID>
                <AD_Reference_Value_ID reference="id"/>
                <IsRange>N</IsRange>
                <AD_Val_Rule_ID reference="id"/>
                <FieldLength>0</FieldLength>
                <IsMandatory>Y</IsMandatory>
                <DefaultValue>N</DefaultValue>
                <VFormat/>
                <ValueMin/>
                <ValueMax/>
                <ColumnName>IsManual</ColumnName>
                <DefaultValue2/>
                <IsCentrallyMaintained>Y</IsCentrallyMaintained>
                <EntityType>FTU</EntityType>
                <AD_Element_ID reference="id">1474</AD_Element_ID>
                <ReadOnlyLogic/>
                <DisplayLogic/>
                <AD_Process_Para_UU>cc6cbe07-ad9d-4b59-9d62-3f04bf409b44</AD_Process_Para_UU>
                <IsEncrypted>N</IsEncrypted>
                <MandatoryLogic/>
                <Placeholder/>
                <Placeholder2/>
                <AD_Process_Para_Trl type="translation">
                    <Help>El cuadro de verificación manual indica si el proceso será hecho manualmente.</Help>
                    <Name>Manual</Name>
                    <Description>Éste es un proceso manual.</Description>
                    <Placeholder/>
                    <Placeholder2/>
                    <AD_Language>es_CO</AD_Language>
                    <IsActive>Y</IsActive>
                    <IsTranslated>Y</IsTranslated>
                </AD_Process_Para_Trl>
            </AD_Process_Para>
            <AD_Process_Para type="table">
                <AD_Client_ID>0</AD_Client_ID>
                <AD_Org_ID>0</AD_Org_ID>
                <IsActive>Y</IsActive>
                <Name>Payment amount</Name>
                <Description>Amount being paid</Description>
                <Help>Indicates the amount this payment is for.  The payment amount can be for single or multiple invoices or a partial payment for an invoice.</Help>
                <AD_Process_ID reference="uuid" reference-key="AD_Process">408f82fc-7b51-411b-b8f6-a3d6ee64b745</AD_Process_ID>
                <SeqNo>110</SeqNo>
                <AD_Reference_ID reference="id">12</AD_Reference_ID>
                <AD_Reference_Value_ID reference="id"/>
                <IsRange>N</IsRange>
                <AD_Val_Rule_ID reference="id"/>
                <FieldLength>0</FieldLength>
                <IsMandatory>N</IsMandatory>
                <DefaultValue>0</DefaultValue>
                <VFormat/>
                <ValueMin/>
                <ValueMax/>
                <ColumnName>PayAmt</ColumnName>
                <DefaultValue2/>
                <IsCentrallyMaintained>Y</IsCentrallyMaintained>
                <EntityType>FTU</EntityType>
                <AD_Element_ID reference="id">1477</AD_Element_ID>
                <ReadOnlyLogic/>
                <DisplayLogic>@IsManual@=Y</DisplayLogic>
                <AD_Process_Para_UU>62ed723b-00dc-49d7-b944-007ba51170ec</AD_Process_Para_UU>
                <IsEncrypted>N</IsEncrypted>
                <MandatoryLogic>@IsManual@=Y</MandatoryLogic>
                <Placeholder/>
                <Placeholder2/>
                <AD_Process_Para_Trl type="translation">
                    <Help>Indica el total a pagar. El total del pago puede ser para una factura simple, múltiple o un pago parcial de una factura.</Help>
                    <Name>Total del Pago</Name>
                    <Description>Total siendo pagado</Description>
                    <Placeholder/>
                    <Placeholder2/>
                    <AD_Language>es_CO</AD_Language>
                    <IsActive>Y</IsActive>
                    <IsTranslated>Y</IsTranslated>
                </AD_Process_Para_Trl>
            </AD_Process_Para>
        </AD_Process>
        <AD_Column type="table">
            <IsSyncDatabase>Y</IsSyncDatabase>
            <AD_Table_ID reference="id">427</AD_Table_ID>
            <AD_Reference_Value_ID reference="id"/>
            <AD_Client_ID>0</AD_Client_ID>
            <AD_Org_ID>0</AD_Org_ID>
            <Version>0</Version>
            <Name>Business Partner </Name>
            <Description>Identifies a Business Partner</Description>
            <Help>A Business Partner is anyone with whom you transact.  This can include Vendor, Customer, Employee or Salesperson</Help>
            <AD_Val_Rule_ID reference="id"/>
            <ColumnName>C_BPartner_ID</ColumnName>
            <DefaultValue/>
            <FieldLength>22</FieldLength>
            <IsKey>N</IsKey>
            <IsParent>N</IsParent>
            <IsMandatory>N</IsMandatory>
            <IsTranslated>N</IsTranslated>
            <IsIdentifier>N</IsIdentifier>
            <SeqNo>0</SeqNo>
            <IsEncrypted>N</IsEncrypted>
            <AD_Reference_ID reference="id">30</AD_Reference_ID>
            <IsActive>Y</IsActive>
            <VFormat/>
            <Callout/>
            <AD_Element_ID reference="id">187</AD_Element_ID>
            <IsUpdateable>Y</IsUpdateable>
            <AD_Process_ID reference="id"/>
            <ValueMin/>
            <ValueMax/>
            <IsSelectionColumn>N</IsSelectionColumn>
            <ReadOnlyLogic/>
            <EntityType>FTU</EntityType>
            <IsAlwaysUpdateable>N</IsAlwaysUpdateable>
            <ColumnSQL/>
            <MandatoryLogic/>
            <IsAutocomplete>N</IsAutocomplete>
            <IsAllowLogging>Y</IsAllowLogging>
            <FormatPattern/>
            <AD_Chart_ID reference="id"/>
            <AD_Column_UU>fa8869e2-0f00-461a-9553-fd9a42354b0e</AD_Column_UU>
            <IsAllowCopy>Y</IsAllowCopy>
            <SeqNoSelection>0</SeqNoSelection>
            <IsToolbarButton>N</IsToolbarButton>
            <IsSecure>N</IsSecure>
            <FKConstraintName>CBPartner_CPaySelectionLine</FKConstraintName>
            <FKConstraintType>N</FKConstraintType>
            <PA_DashboardContent_ID reference="id"/>
            <Placeholder/>
            <IsHtml>N</IsHtml>
        </AD_Column>
        <AD_Field type="table">
            <AD_Client_ID>0</AD_Client_ID>
            <AD_Org_ID>0</AD_Org_ID>
            <Name>Business Partner </Name>
            <Description>Identifies a Business Partner</Description>
            <Help>A Business Partner is anyone with whom you transact.  This can include Vendor, Customer, Employee or Salesperson</Help>
            <AD_Tab_ID reference="id">353</AD_Tab_ID>
            <AD_Column_ID reference="uuid" reference-key="AD_Column">fa8869e2-0f00-461a-9553-fd9a42354b0e</AD_Column_ID>
            <IsDisplayed>Y</IsDisplayed>
            <DisplayLogic/>
            <DisplayLength>22</DisplayLength>
            <SeqNo>80</SeqNo>
            <SortNo/>
            <IsSameLine>N</IsSameLine>
            <IsHeading>N</IsHeading>
            <IsFieldOnly>N</IsFieldOnly>
            <IsEncrypted>N</IsEncrypted>
            <IsActive>Y</IsActive>
            <IsReadOnly>Y</IsReadOnly>
            <IsCentrallyMaintained>Y</IsCentrallyMaintained>
            <AD_FieldGroup_ID reference="id"/>
            <EntityType>FTU</EntityType>
            <ObscureType/>
            <AD_Reference_ID reference="id"/>
            <IsMandatory/>
            <DefaultValue/>
            <AD_Reference_Value_ID reference="id"/>
            <AD_Val_Rule_ID reference="id"/>
            <Included_Tab_ID reference="id"/>
            <AD_Field_UU>0e81211e-de2a-4ab0-b0da-f30fd4f4295a</AD_Field_UU>
            <IsAllowCopy/>
            <IsDisplayedGrid>Y</IsDisplayedGrid>
            <SeqNoGrid>170</SeqNoGrid>
            <XPosition>1</XPosition>
            <ColumnSpan>4</ColumnSpan>
            <NumLines>1</NumLines>
            <IsQuickEntry>N</IsQuickEntry>
            <IsUpdateable/>
            <IsAlwaysUpdateable/>
            <MandatoryLogic/>
            <ReadOnlyLogic/>
            <IsToolbarButton/>
            <IsDefaultFocus>N</IsDefaultFocus>
            <IsAdvancedField>N</IsAdvancedField>
            <VFormat/>
            <AD_LabelStyle_ID reference="id"/>
            <AD_FieldStyle_ID reference="id"/>
            <Placeholder/>
            <AD_Field_Trl type="translation">
                <Help>Un tercero es cualquiera con quien usted realiza transacciones. Este puede incluir Proveedores, Clientes, Empleados o Vendedores.</Help>
                <Description>Identifica un Tercero</Description>
                <Name>Tercero</Name>
                <Placeholder/>
                <AD_Language>es_CO</AD_Language>
                <IsActive>Y</IsActive>
                <IsTranslated>Y</IsTranslated>
            </AD_Field_Trl>
        </AD_Field>
	<AD_Field type="table">
		<AD_Field_ID>4430</AD_Field_ID>
		<AD_Client_ID>0</AD_Client_ID>
		<AD_Org_ID>0</AD_Org_ID>
		<AD_Field_ID>4430</AD_Field_ID>
		<Name>Manual</Name>
		<Description>This is a manual process</Description>
		<Help>The Manual check box indicates if the process will done manually.</Help>
		<AD_Tab_ID reference="id">353</AD_Tab_ID>
		<AD_Column_ID reference="id">5638</AD_Column_ID>
		<IsDisplayed>Y</IsDisplayed>
		<DisplayLogic/>
		<DisplayLength>1</DisplayLength>
		<SeqNo>90</SeqNo>
		<SortNo/>
		<IsSameLine>Y</IsSameLine>
		<IsHeading>N</IsHeading>
		<IsFieldOnly>N</IsFieldOnly>
		<IsEncrypted>N</IsEncrypted>
		<IsActive>Y</IsActive>
		<IsReadOnly>Y</IsReadOnly>
		<IsCentrallyMaintained>Y</IsCentrallyMaintained>
		<AD_FieldGroup_ID reference="id"/>
		<EntityType>D</EntityType>
		<ObscureType/>
		<AD_Reference_ID reference="id"/>
		<IsMandatory/>
		<DefaultValue/>
		<AD_Reference_Value_ID reference="id"/>
		<AD_Val_Rule_ID reference="id"/>
		<Included_Tab_ID reference="id"/>
		<AD_Field_UU>e181e740-592a-47bf-b31f-5d7cfe6ff48b</AD_Field_UU>
		<IsAllowCopy/>
		<IsDisplayedGrid>N</IsDisplayedGrid>
		<SeqNoGrid>0</SeqNoGrid>
		<XPosition>6</XPosition>
		<ColumnSpan>1</ColumnSpan>
		<NumLines>1</NumLines>
		<IsQuickEntry>N</IsQuickEntry>
		<IsUpdateable/>
		<IsAlwaysUpdateable/>
		<MandatoryLogic/>
		<ReadOnlyLogic/>
		<IsToolbarButton/>
		<IsDefaultFocus>N</IsDefaultFocus>
		<IsAdvancedField>N</IsAdvancedField>
		<VFormat/>
		<AD_LabelStyle_ID reference="id"/>
		<AD_FieldStyle_ID reference="id"/>
		<Placeholder/>
		<AD_Field_Trl type="translation">
		    <Help>El cuadro de verificación manual indica si el proceso será hecho manualmente.</Help>
		    <Description>Éste es un proceso manual.</Description>
		    <Name>Manual</Name>
		    <Placeholder/>
		    <AD_Language>es_CO</AD_Language>
		    <IsActive>Y</IsActive>
		    <IsTranslated>Y</IsTranslated>
		</AD_Field_Trl>
	    </AD_Field>
    </AD_Menu>
    <SQLStatement type="custom">
        <DBType>Postgres</DBType>
        <statement>
            <![CDATA[UPDATE AD_Column SET AD_Process_ID=(SELECT AD_Process_ID FROM AD_Process WHERE AD_Process_UU='408f82fc-7b51-411b-b8f6-a3d6ee64b745')  WHERE AD_Column_ID=5650;]]>
        </statement>
    </SQLStatement>
    <SQLStatement type="custom">
        <DBType>Postgres</DBType>
        <statement>
            <![CDATA[UPDATE AD_Column SET IsMandatory='N' WHERE AD_Column_ID=5639;]]>
        </statement>
    </SQLStatement>
    <SQLStatement type="custom">
        <DBType>Postgres</DBType>
        <statement>
            <![CDATA[UPDATE AD_Column SET AD_Process_ID=(SELECT AD_Process_ID FROM AD_Process WHERE AD_Process_UU='616529db-f078-48ff-b66f-7081197ca163')  WHERE AD_Column_ID=5624;]]>
        </statement>
    </SQLStatement>
</idempiere>
