<?xml version="1.0" encoding="UTF-8"?><idempiere Name="Print&amp;ExportPaymens" Version="1.0.5" idempiereVersion="" DataBaseVersion="" Description="" Author="" AuthorEmail="jcolmenarez@frontuari.net" CreatedDate="2020-03-19 20:41:08.099" UpdatedDate="2020-03-19 20:41:08.099" PackOutVersion="100" UpdateDictionary="false" Client="0-SYSTEM-System" AD_Client_UU="11237b53-9592-4af1-b3c5-afd216514b5d">
    <AD_Menu type="table">
        <Parent_ID reference="id">236</Parent_ID>
        <SeqNo>26</SeqNo>
        <AD_Menu_ID>287</AD_Menu_ID>
        <AD_Client_ID>0</AD_Client_ID>
        <AD_Org_ID>0</AD_Org_ID>
        <AD_Menu_ID>287</AD_Menu_ID>
        <Name>Payment Print/Export</Name>
        <Description>Print or export your payments</Description>
        <Action>X</Action>
        <AD_Window_ID reference="id"/>
        <AD_Workflow_ID reference="id"/>
        <AD_Task_ID reference="id"/>
        <IsActive>N</IsActive>
        <IsSummary>N</IsSummary>
        <AD_Process_ID reference="id"/>
        <IsSOTrx>N</IsSOTrx>
        <AD_Form_ID reference="id">106</AD_Form_ID>
        <IsReadOnly>N</IsReadOnly>
        <EntityType>D</EntityType>
        <IsCentrallyMaintained>Y</IsCentrallyMaintained>
        <AD_Menu_UU>ad58d875-5cb9-461f-8379-eeb9ad0b8022</AD_Menu_UU>
        <AD_InfoWindow_ID reference="id"/>
        <AD_Menu_Trl type="translation">
            <Name>Imprimir/Exportar Pagos</Name>
            <Description>Imprimir o exportar sus pagos</Description>
            <AD_Language>es_CO</AD_Language>
            <IsActive>Y</IsActive>
            <IsTranslated>Y</IsTranslated>
        </AD_Menu_Trl>
    </AD_Menu>
    <AD_Menu type="table">
        <Parent_ID reference="id">236</Parent_ID>
        <SeqNo>23</SeqNo>
        <AD_Menu_ID>286</AD_Menu_ID>
        <AD_Client_ID>0</AD_Client_ID>
        <AD_Org_ID>0</AD_Org_ID>
        <AD_Menu_ID>286</AD_Menu_ID>
        <Name>Payment Selection (manual)</Name>
        <Description>Manual Payment Selection</Description>
        <Action>X</Action>
        <AD_Window_ID reference="id"/>
        <AD_Workflow_ID reference="id"/>
        <AD_Task_ID reference="id"/>
        <IsActive>N</IsActive>
        <IsSummary>N</IsSummary>
        <AD_Process_ID reference="id"/>
        <IsSOTrx>N</IsSOTrx>
        <AD_Form_ID reference="id">107</AD_Form_ID>
        <IsReadOnly>N</IsReadOnly>
        <EntityType>D</EntityType>
        <IsCentrallyMaintained>Y</IsCentrallyMaintained>
        <AD_Menu_UU>c42c6e4b-9964-4735-ada7-475a5f44787e</AD_Menu_UU>
        <AD_InfoWindow_ID reference="id"/>
        <AD_Menu_Trl type="translation">
            <Name>Selección de Pagos (manual)</Name>
            <Description>Selección manual de pagos</Description>
            <AD_Language>es_CO</AD_Language>
            <IsActive>Y</IsActive>
            <IsTranslated>Y</IsTranslated>
        </AD_Menu_Trl>
    </AD_Menu>
    <AD_Menu type="table">
        <Parent_ID reference="id">236</Parent_ID>
        <SeqNo>25</SeqNo>
        <AD_Client_ID>0</AD_Client_ID>
        <AD_Org_ID>0</AD_Org_ID>
        <Name>Print/Export Payment Selection/Orders</Name>
        <Description/>
        <Action>X</Action>
        <AD_Window_ID reference="id"/>
        <AD_Workflow_ID reference="id"/>
        <AD_Task_ID reference="id"/>
        <IsActive>Y</IsActive>
        <IsSummary>N</IsSummary>
        <AD_Process_ID reference="id"/>
        <IsSOTrx>N</IsSOTrx>
        <AD_Form_ID reference="uuid" reference-key="AD_Form">e928d911-2108-416c-981a-71fb4fd46d87</AD_Form_ID>
        <IsReadOnly>N</IsReadOnly>
        <EntityType>FTU</EntityType>
        <IsCentrallyMaintained>Y</IsCentrallyMaintained>
        <AD_Menu_UU>70a3a286-7fe0-45f5-a05b-6abd325f137a</AD_Menu_UU>
        <AD_InfoWindow_ID reference="id"/>
        <AD_Menu_Trl type="translation">
            <Name>Imprimir/Exportar Ordenes de Pago</Name>
            <Description/>
            <AD_Language>es_CO</AD_Language>
            <IsActive>Y</IsActive>
            <IsTranslated>N</IsTranslated>
        </AD_Menu_Trl>
        <AD_Form type="table">
            <AD_Client_ID>0</AD_Client_ID>
            <AD_Org_ID>0</AD_Org_ID>
            <IsActive>Y</IsActive>
            <Name>Print/Export Payment Selection/Orders</Name>
            <Description/>
            <Help/>
            <Classname>net.frontuari.payselection.webui.apps.form.WFTUPayPrint</Classname>
            <AccessLevel>3</AccessLevel>
            <EntityType>FTU</EntityType>
            <IsBetaFunctionality>N</IsBetaFunctionality>
            <JSPURL/>
            <AD_Form_UU>e928d911-2108-416c-981a-71fb4fd46d87</AD_Form_UU>
            <AD_CtxHelp_ID reference="id"/>
            <AD_Form_Trl type="translation">
                <Help/>
                <Description/>
                <Name>Imprimir/Exportar Ordenes de Pago</Name>
                <AD_Language>es_CO</AD_Language>
                <IsActive>Y</IsActive>
                <IsTranslated>N</IsTranslated>
            </AD_Form_Trl>
        </AD_Form>
    </AD_Menu>
</idempiere>
