<?xml version="1.0" encoding="UTF-8"?><idempiere Name="2Pack_1.3.1_AddAffiliateCodeInBank" Version="1.0.0" idempiereVersion="" DataBaseVersion="" Description="" Author="" AuthorEmail="arodriguez@frontuari.net" CreatedDate="2020-11-13 15:38:36.381" UpdatedDate="2020-11-13 15:49:55.136" PackOutVersion="100" UpdateDictionary="false" Client="0-SYSTEM-System" AD_Client_UU="11237b53-9592-4af1-b3c5-afd216514b5d">
    <AD_Menu type="table">
        <Parent_ID reference="id">175</Parent_ID>
        <SeqNo>4</SeqNo>
        <AD_Menu_ID>171</AD_Menu_ID>
        <AD_Client_ID>0</AD_Client_ID>
        <AD_Org_ID>0</AD_Org_ID>
        <AD_Menu_ID>171</AD_Menu_ID>
        <Name>Bank / Cash</Name>
        <Description>Maintain Bank / Cash</Description>
        <Action>W</Action>
        <AD_Window_ID reference="id">158</AD_Window_ID>
        <AD_Workflow_ID reference="id"/>
        <AD_Task_ID reference="id"/>
        <IsActive>Y</IsActive>
        <IsSummary>N</IsSummary>
        <AD_Process_ID reference="id"/>
        <IsSOTrx>Y</IsSOTrx>
        <AD_Form_ID reference="id"/>
        <IsReadOnly>N</IsReadOnly>
        <EntityType>D</EntityType>
        <IsCentrallyMaintained>Y</IsCentrallyMaintained>
        <AD_Menu_UU>4ccba53d-32fd-4a21-872e-d7b43e40c047</AD_Menu_UU>
        <AD_InfoWindow_ID reference="id"/>
        <AD_Menu_Trl type="translation">
            <Name>Bancos/Cajas</Name>
            <Description>Mantener Bancos/Cajas</Description>
            <AD_Language>es_CO</AD_Language>
            <IsActive>Y</IsActive>
            <IsTranslated>Y</IsTranslated>
        </AD_Menu_Trl>
        <AD_Menu_Trl type="translation">
            <Name>Bancos/Cajas</Name>
            <Description>Mantener Bancos/Cajas</Description>
            <AD_Language>es_VE</AD_Language>
            <IsActive>Y</IsActive>
            <IsTranslated>Y</IsTranslated>
        </AD_Menu_Trl>
        <AD_Reference type="table">
            <AD_Client_ID>0</AD_Client_ID>
            <AD_Org_ID>0</AD_Org_ID>
            <Name>FTU Bank Payment Exporter</Name>
            <Description/>
            <Help/>
            <ValidationType>L</ValidationType>
            <IsActive>Y</IsActive>
            <VFormat/>
            <EntityType>FTU</EntityType>
            <IsOrderByValue>N</IsOrderByValue>
            <AD_Reference_UU>2bc1a39b-0cbb-484f-a10c-64951162f8ae</AD_Reference_UU>
            <AD_Element_ID reference="id"/>
            <AD_Reference_Trl type="translation">
                <Help/>
                <Name>FTU Bank Payment Exporter</Name>
                <Description/>
                <AD_Language>es_CO</AD_Language>
                <IsActive>Y</IsActive>
                <IsTranslated>N</IsTranslated>
            </AD_Reference_Trl>
            <AD_Reference_Trl type="translation">
                <Help/>
                <Name>FTU Bank Payment Exporter</Name>
                <Description/>
                <AD_Language>es_VE</AD_Language>
                <IsActive>Y</IsActive>
                <IsTranslated>N</IsTranslated>
            </AD_Reference_Trl>
            <AD_Ref_List type="table">
                <AD_Client_ID>0</AD_Client_ID>
                <AD_Org_ID>0</AD_Org_ID>
                <Name>Caribbean Bank</Name>
                <Description/>
                <AD_Reference_ID reference="uuid" reference-key="AD_Reference">2bc1a39b-0cbb-484f-a10c-64951162f8ae</AD_Reference_ID>
                <ValidFrom/>
                <ValidTo/>
                <Value>net.frontuari.utils.B_BancaribePE</Value>
                <IsActive>Y</IsActive>
                <EntityType>FTU</EntityType>
                <AD_Ref_List_UU>c03687ba-9bfa-439a-9cc0-2cbe27f47666</AD_Ref_List_UU>
                <AD_Ref_List_Trl type="translation">
                    <Description/>
                    <Name>Caribbean Bank</Name>
                    <AD_Language>es_CO</AD_Language>
                    <IsActive>Y</IsActive>
                    <IsTranslated>N</IsTranslated>
                </AD_Ref_List_Trl>
                <AD_Ref_List_Trl type="translation">
                    <Description/>
                    <Name>Caribbean Bank</Name>
                    <AD_Language>es_VE</AD_Language>
                    <IsActive>Y</IsActive>
                    <IsTranslated>N</IsTranslated>
                </AD_Ref_List_Trl>
            </AD_Ref_List>
            <AD_Ref_List type="table">
                <AD_Client_ID>0</AD_Client_ID>
                <AD_Org_ID>0</AD_Org_ID>
                <Name>Banesco Bank</Name>
                <Description/>
                <AD_Reference_ID reference="uuid" reference-key="AD_Reference">2bc1a39b-0cbb-484f-a10c-64951162f8ae</AD_Reference_ID>
                <ValidFrom/>
                <ValidTo/>
                <Value>net.frontuari.utils.B_BanescoPE</Value>
                <IsActive>Y</IsActive>
                <EntityType>FTU</EntityType>
                <AD_Ref_List_UU>08794448-37f2-4a9b-a640-c23ccafe9437</AD_Ref_List_UU>
                <AD_Ref_List_Trl type="translation">
                    <Description/>
                    <Name>Banesco Bank</Name>
                    <AD_Language>es_CO</AD_Language>
                    <IsActive>Y</IsActive>
                    <IsTranslated>N</IsTranslated>
                </AD_Ref_List_Trl>
                <AD_Ref_List_Trl type="translation">
                    <Description/>
                    <Name>Banesco Bank</Name>
                    <AD_Language>es_VE</AD_Language>
                    <IsActive>Y</IsActive>
                    <IsTranslated>N</IsTranslated>
                </AD_Ref_List_Trl>
            </AD_Ref_List>
            <AD_Ref_List type="table">
                <AD_Client_ID>0</AD_Client_ID>
                <AD_Org_ID>0</AD_Org_ID>
                <Name>Banplus Bank</Name>
                <Description/>
                <AD_Reference_ID reference="uuid" reference-key="AD_Reference">2bc1a39b-0cbb-484f-a10c-64951162f8ae</AD_Reference_ID>
                <ValidFrom/>
                <ValidTo/>
                <Value>net.frontuari.utils.B_BanplusPE</Value>
                <IsActive>Y</IsActive>
                <EntityType>FTU</EntityType>
                <AD_Ref_List_UU>cbedfd78-8492-4902-81d0-f6ec5d0ea2cd</AD_Ref_List_UU>
                <AD_Ref_List_Trl type="translation">
                    <Description/>
                    <Name>Banplus Bank</Name>
                    <AD_Language>es_CO</AD_Language>
                    <IsActive>Y</IsActive>
                    <IsTranslated>N</IsTranslated>
                </AD_Ref_List_Trl>
                <AD_Ref_List_Trl type="translation">
                    <Description/>
                    <Name>Banplus Bank</Name>
                    <AD_Language>es_VE</AD_Language>
                    <IsActive>Y</IsActive>
                    <IsTranslated>N</IsTranslated>
                </AD_Ref_List_Trl>
            </AD_Ref_List>
            <AD_Ref_List type="table">
                <AD_Client_ID>0</AD_Client_ID>
                <AD_Org_ID>0</AD_Org_ID>
                <Name>Western Discount Bank</Name>
                <Description/>
                <AD_Reference_ID reference="uuid" reference-key="AD_Reference">2bc1a39b-0cbb-484f-a10c-64951162f8ae</AD_Reference_ID>
                <ValidFrom/>
                <ValidTo/>
                <Value>net.frontuari.utils.B_BODPE</Value>
                <IsActive>Y</IsActive>
                <EntityType>FTU</EntityType>
                <AD_Ref_List_UU>2db785e0-5481-479b-b6b6-9c82f72be84a</AD_Ref_List_UU>
                <AD_Ref_List_Trl type="translation">
                    <Description/>
                    <Name>Western Discount Bank</Name>
                    <AD_Language>es_CO</AD_Language>
                    <IsActive>Y</IsActive>
                    <IsTranslated>N</IsTranslated>
                </AD_Ref_List_Trl>
                <AD_Ref_List_Trl type="translation">
                    <Description/>
                    <Name>Western Discount Bank</Name>
                    <AD_Language>es_VE</AD_Language>
                    <IsActive>Y</IsActive>
                    <IsTranslated>N</IsTranslated>
                </AD_Ref_List_Trl>
            </AD_Ref_List>
            <AD_Ref_List type="table">
                <AD_Client_ID>0</AD_Client_ID>
                <AD_Org_ID>0</AD_Org_ID>
                <Name>Exterior Bank</Name>
                <Description/>
                <AD_Reference_ID reference="uuid" reference-key="AD_Reference">2bc1a39b-0cbb-484f-a10c-64951162f8ae</AD_Reference_ID>
                <ValidFrom/>
                <ValidTo/>
                <Value>net.frontuari.utils.B_ExteriorPE</Value>
                <IsActive>Y</IsActive>
                <EntityType>FTU</EntityType>
                <AD_Ref_List_UU>0f5369da-c672-4502-a61c-f5f892203532</AD_Ref_List_UU>
                <AD_Ref_List_Trl type="translation">
                    <Description/>
                    <Name>Exterior Bank</Name>
                    <AD_Language>es_CO</AD_Language>
                    <IsActive>Y</IsActive>
                    <IsTranslated>N</IsTranslated>
                </AD_Ref_List_Trl>
                <AD_Ref_List_Trl type="translation">
                    <Description/>
                    <Name>Exterior Bank</Name>
                    <AD_Language>es_VE</AD_Language>
                    <IsActive>Y</IsActive>
                    <IsTranslated>N</IsTranslated>
                </AD_Ref_List_Trl>
            </AD_Ref_List>
            <AD_Ref_List type="table">
                <AD_Client_ID>0</AD_Client_ID>
                <AD_Org_ID>0</AD_Org_ID>
                <Name>Mercantil Bank</Name>
                <Description/>
                <AD_Reference_ID reference="uuid" reference-key="AD_Reference">2bc1a39b-0cbb-484f-a10c-64951162f8ae</AD_Reference_ID>
                <ValidFrom/>
                <ValidTo/>
                <Value>net.frontuari.utils.B_MercantilPE</Value>
                <IsActive>Y</IsActive>
                <EntityType>FTU</EntityType>
                <AD_Ref_List_UU>53c6314c-cc7d-4773-b943-6b280d491e08</AD_Ref_List_UU>
                <AD_Ref_List_Trl type="translation">
                    <Description/>
                    <Name>Mercantil Bank</Name>
                    <AD_Language>es_CO</AD_Language>
                    <IsActive>Y</IsActive>
                    <IsTranslated>N</IsTranslated>
                </AD_Ref_List_Trl>
                <AD_Ref_List_Trl type="translation">
                    <Description/>
                    <Name>Mercantil Bank</Name>
                    <AD_Language>es_VE</AD_Language>
                    <IsActive>Y</IsActive>
                    <IsTranslated>N</IsTranslated>
                </AD_Ref_List_Trl>
            </AD_Ref_List>
            <AD_Ref_List type="table">
                <AD_Client_ID>0</AD_Client_ID>
                <AD_Org_ID>0</AD_Org_ID>
                <Name>Provincial Bank</Name>
                <Description/>
                <AD_Reference_ID reference="uuid" reference-key="AD_Reference">2bc1a39b-0cbb-484f-a10c-64951162f8ae</AD_Reference_ID>
                <ValidFrom/>
                <ValidTo/>
                <Value>net.frontuari.utils.B_ProvincialPE</Value>
                <IsActive>Y</IsActive>
                <EntityType>FTU</EntityType>
                <AD_Ref_List_UU>85b06a0c-dc72-44fc-971b-e71b2181ad6c</AD_Ref_List_UU>
                <AD_Ref_List_Trl type="translation">
                    <Description/>
                    <Name>Provincial Bank</Name>
                    <AD_Language>es_CO</AD_Language>
                    <IsActive>Y</IsActive>
                    <IsTranslated>N</IsTranslated>
                </AD_Ref_List_Trl>
                <AD_Ref_List_Trl type="translation">
                    <Description/>
                    <Name>Provincial Bank</Name>
                    <AD_Language>es_VE</AD_Language>
                    <IsActive>Y</IsActive>
                    <IsTranslated>N</IsTranslated>
                </AD_Ref_List_Trl>
            </AD_Ref_List>
            <AD_Ref_List type="table">
                <AD_Client_ID>0</AD_Client_ID>
                <AD_Org_ID>0</AD_Org_ID>
                <Name>Venezuela Bank</Name>
                <Description/>
                <AD_Reference_ID reference="uuid" reference-key="AD_Reference">2bc1a39b-0cbb-484f-a10c-64951162f8ae</AD_Reference_ID>
                <ValidFrom/>
                <ValidTo/>
                <Value>net.frontuari.utils.B_VenezuelaPE</Value>
                <IsActive>Y</IsActive>
                <EntityType>FTU</EntityType>
                <AD_Ref_List_UU>a1d6de0f-bcf2-4224-8886-8bde18d00b35</AD_Ref_List_UU>
                <AD_Ref_List_Trl type="translation">
                    <Description/>
                    <Name>Venezuela Bank</Name>
                    <AD_Language>es_CO</AD_Language>
                    <IsActive>Y</IsActive>
                    <IsTranslated>N</IsTranslated>
                </AD_Ref_List_Trl>
                <AD_Ref_List_Trl type="translation">
                    <Description/>
                    <Name>Venezuela Bank</Name>
                    <AD_Language>es_VE</AD_Language>
                    <IsActive>Y</IsActive>
                    <IsTranslated>N</IsTranslated>
                </AD_Ref_List_Trl>
            </AD_Ref_List>
        </AD_Reference>
        <AD_Element type="table">
            <AD_Client_ID>0</AD_Client_ID>
            <AD_Org_ID>0</AD_Org_ID>
            <IsActive>Y</IsActive>
            <ColumnName>AffiliateCode</ColumnName>
            <Name>Affiliate Code</Name>
            <Description/>
            <Help/>
            <PrintName>Affiliate Code</PrintName>
            <PO_Description/>
            <PO_Help/>
            <PO_Name/>
            <PO_PrintName/>
            <EntityType>FTU</EntityType>
            <AD_Element_UU>a0daeda8-b629-467c-9570-deaa287a8083</AD_Element_UU>
            <Placeholder/>
            <AD_Element_Trl type="translation">
                <Help/>
                <PO_Description/>
                <PO_Help/>
                <Name>Código de Afiliación</Name>
                <Description/>
                <PrintName>Código de Afiliación</PrintName>
                <PO_Name/>
                <PO_PrintName/>
                <Placeholder/>
                <AD_Language>es_CO</AD_Language>
                <IsActive>Y</IsActive>
                <IsTranslated>N</IsTranslated>
            </AD_Element_Trl>
            <AD_Element_Trl type="translation">
                <Help/>
                <PO_Description/>
                <PO_Help/>
                <Name>Affiliate Code</Name>
                <Description/>
                <PrintName>Affiliate Code</PrintName>
                <PO_Name/>
                <PO_PrintName/>
                <Placeholder/>
                <AD_Language>es_VE</AD_Language>
                <IsActive>Y</IsActive>
                <IsTranslated>N</IsTranslated>
            </AD_Element_Trl>
        </AD_Element>
        <AD_Column type="table">
            <IsSyncDatabase>Y</IsSyncDatabase>
            <AD_Table_ID reference="id">296</AD_Table_ID>
            <AD_Reference_Value_ID reference="id"/>
            <AD_Client_ID>0</AD_Client_ID>
            <AD_Org_ID>0</AD_Org_ID>
            <Version>0</Version>
            <Name>Affiliate Code</Name>
            <Description/>
            <Help/>
            <AD_Val_Rule_ID reference="id"/>
            <ColumnName>AffiliateCode</ColumnName>
            <DefaultValue/>
            <FieldLength>25</FieldLength>
            <IsKey>N</IsKey>
            <IsParent>N</IsParent>
            <IsMandatory>N</IsMandatory>
            <IsTranslated>N</IsTranslated>
            <IsIdentifier>N</IsIdentifier>
            <SeqNo>0</SeqNo>
            <IsEncrypted>N</IsEncrypted>
            <AD_Reference_ID reference="id">10</AD_Reference_ID>
            <IsActive>Y</IsActive>
            <VFormat/>
            <Callout/>
            <AD_Element_ID reference="uuid" reference-key="AD_Element">a0daeda8-b629-467c-9570-deaa287a8083</AD_Element_ID>
            <IsUpdateable>Y</IsUpdateable>
            <AD_Process_ID reference="id"/>
            <ValueMin/>
            <ValueMax/>
            <IsSelectionColumn>N</IsSelectionColumn>
            <ReadOnlyLogic/>
            <EntityType>FTU</EntityType>
            <IsAlwaysUpdateable>N</IsAlwaysUpdateable>
            <ColumnSQL/>
            <MandatoryLogic/>
            <IsAutocomplete>N</IsAutocomplete>
            <IsAllowLogging>Y</IsAllowLogging>
            <FormatPattern/>
            <AD_Chart_ID reference="id"/>
            <AD_Column_UU>5f6f91f4-8268-4052-b9e1-0b5ed8aa6532</AD_Column_UU>
            <IsAllowCopy>Y</IsAllowCopy>
            <SeqNoSelection>0</SeqNoSelection>
            <IsToolbarButton>N</IsToolbarButton>
            <IsSecure>N</IsSecure>
            <FKConstraintName/>
            <FKConstraintType>N</FKConstraintType>
            <PA_DashboardContent_ID reference="id"/>
            <Placeholder/>
            <IsHtml>N</IsHtml>
        </AD_Column>
        <AD_Field type="table">
            <AD_Client_ID>0</AD_Client_ID>
            <AD_Org_ID>0</AD_Org_ID>
            <Name>Affiliate Code</Name>
            <Description/>
            <Help/>
            <AD_Tab_ID reference="id">227</AD_Tab_ID>
            <AD_Column_ID reference="uuid" reference-key="AD_Column">5f6f91f4-8268-4052-b9e1-0b5ed8aa6532</AD_Column_ID>
            <IsDisplayed>Y</IsDisplayed>
            <DisplayLogic/>
            <DisplayLength>25</DisplayLength>
            <SeqNo>100</SeqNo>
            <SortNo/>
            <IsSameLine>N</IsSameLine>
            <IsHeading>N</IsHeading>
            <IsFieldOnly>N</IsFieldOnly>
            <IsEncrypted>N</IsEncrypted>
            <IsActive>Y</IsActive>
            <IsReadOnly>N</IsReadOnly>
            <IsCentrallyMaintained>Y</IsCentrallyMaintained>
            <AD_FieldGroup_ID reference="id"/>
            <EntityType>FTU</EntityType>
            <ObscureType/>
            <AD_Reference_ID reference="id"/>
            <IsMandatory/>
            <DefaultValue/>
            <AD_Reference_Value_ID reference="id"/>
            <AD_Val_Rule_ID reference="id"/>
            <Included_Tab_ID reference="id"/>
            <AD_Field_UU>ba1a78ab-e28f-4851-b998-ef784fdfecdb</AD_Field_UU>
            <IsAllowCopy/>
            <IsDisplayedGrid>Y</IsDisplayedGrid>
            <SeqNoGrid>100</SeqNoGrid>
            <XPosition>4</XPosition>
            <ColumnSpan>2</ColumnSpan>
            <NumLines>1</NumLines>
            <IsQuickEntry>N</IsQuickEntry>
            <IsUpdateable/>
            <IsAlwaysUpdateable/>
            <MandatoryLogic/>
            <ReadOnlyLogic/>
            <IsToolbarButton/>
            <IsDefaultFocus>N</IsDefaultFocus>
            <IsAdvancedField>N</IsAdvancedField>
            <VFormat/>
            <AD_LabelStyle_ID reference="id"/>
            <AD_FieldStyle_ID reference="id"/>
            <Placeholder/>
            <AD_Field_Trl type="translation">
                <Help/>
                <Description/>
                <Name>Código de Afiliación</Name>
                <Placeholder/>
                <AD_Language>es_CO</AD_Language>
                <IsActive>Y</IsActive>
                <IsTranslated>N</IsTranslated>
            </AD_Field_Trl>
            <AD_Field_Trl type="translation">
                <Help/>
                <Description/>
                <Name>Affiliate Code</Name>
                <Placeholder/>
                <AD_Language>es_VE</AD_Language>
                <IsActive>Y</IsActive>
                <IsTranslated>N</IsTranslated>
            </AD_Field_Trl>
        </AD_Field>
    </AD_Menu>
</idempiere>
