<?xml version="1.0" encoding="UTF-8"?><idempiere Name="2Pack_1.4.9_AddBFCInPaymentExportClass" Version="1.0.0" idempiereVersion="" DataBaseVersion="" Description="" Author="" AuthorEmail="arodriguez" CreatedDate="2020-11-14 11:38:09.691" UpdatedDate="2020-11-14 11:38:09.691" PackOutVersion="100" UpdateDictionary="false" Client="0-SYSTEM-System" AD_Client_UU="11237b53-9592-4af1-b3c5-afd216514b5d">
    <AD_Reference type="table">
        <AD_Client_ID>0</AD_Client_ID>
        <AD_Org_ID>0</AD_Org_ID>
        <Name>FTU Bank Payment Exporter</Name>
        <Description/>
        <Help/>
        <ValidationType>L</ValidationType>
        <IsActive>Y</IsActive>
        <VFormat/>
        <EntityType>FTU</EntityType>
        <IsOrderByValue>N</IsOrderByValue>
        <AD_Reference_UU>2bc1a39b-0cbb-484f-a10c-64951162f8ae</AD_Reference_UU>
        <AD_Element_ID reference="id"/>
        <AD_Reference_Trl type="translation">
            <Description/>
            <Help/>
            <Name>FTU Bank Payment Exporter</Name>
            <AD_Language>es_CO</AD_Language>
            <IsActive>Y</IsActive>
            <IsTranslated>N</IsTranslated>
        </AD_Reference_Trl>
        <AD_Ref_List type="table">
            <AD_Client_ID>0</AD_Client_ID>
            <AD_Org_ID>0</AD_Org_ID>
            <Name>Caribbean Bank</Name>
            <Description/>
            <AD_Reference_ID reference="uuid" reference-key="AD_Reference">2bc1a39b-0cbb-484f-a10c-64951162f8ae</AD_Reference_ID>
            <ValidFrom/>
            <ValidTo/>
            <Value>net.frontuari.utils.B_BancaribePE</Value>
            <IsActive>Y</IsActive>
            <EntityType>FTU</EntityType>
            <AD_Ref_List_UU>c03687ba-9bfa-439a-9cc0-2cbe27f47666</AD_Ref_List_UU>
            <AD_Ref_List_Trl type="translation">
                <Description/>
                <Name>Caribbean Bank</Name>
                <AD_Language>es_CO</AD_Language>
                <IsActive>Y</IsActive>
                <IsTranslated>N</IsTranslated>
            </AD_Ref_List_Trl>
        </AD_Ref_List>
        <AD_Ref_List type="table">
            <AD_Client_ID>0</AD_Client_ID>
            <AD_Org_ID>0</AD_Org_ID>
            <Name>Banesco Bank</Name>
            <Description/>
            <AD_Reference_ID reference="uuid" reference-key="AD_Reference">2bc1a39b-0cbb-484f-a10c-64951162f8ae</AD_Reference_ID>
            <ValidFrom/>
            <ValidTo/>
            <Value>net.frontuari.utils.B_BanescoPE</Value>
            <IsActive>Y</IsActive>
            <EntityType>FTU</EntityType>
            <AD_Ref_List_UU>08794448-37f2-4a9b-a640-c23ccafe9437</AD_Ref_List_UU>
            <AD_Ref_List_Trl type="translation">
                <Description/>
                <Name>Banesco Bank</Name>
                <AD_Language>es_CO</AD_Language>
                <IsActive>Y</IsActive>
                <IsTranslated>N</IsTranslated>
            </AD_Ref_List_Trl>
        </AD_Ref_List>
        <AD_Ref_List type="table">
            <AD_Client_ID>0</AD_Client_ID>
            <AD_Org_ID>0</AD_Org_ID>
            <Name>Banplus Bank</Name>
            <Description/>
            <AD_Reference_ID reference="uuid" reference-key="AD_Reference">2bc1a39b-0cbb-484f-a10c-64951162f8ae</AD_Reference_ID>
            <ValidFrom/>
            <ValidTo/>
            <Value>net.frontuari.utils.B_BanplusPE</Value>
            <IsActive>Y</IsActive>
            <EntityType>FTU</EntityType>
            <AD_Ref_List_UU>cbedfd78-8492-4902-81d0-f6ec5d0ea2cd</AD_Ref_List_UU>
            <AD_Ref_List_Trl type="translation">
                <Description/>
                <Name>Banplus Bank</Name>
                <AD_Language>es_CO</AD_Language>
                <IsActive>Y</IsActive>
                <IsTranslated>N</IsTranslated>
            </AD_Ref_List_Trl>
        </AD_Ref_List>
        <AD_Ref_List type="table">
            <AD_Client_ID>0</AD_Client_ID>
            <AD_Org_ID>0</AD_Org_ID>
            <Name>Common Fund Side</Name>
            <Description/>
            <AD_Reference_ID reference="uuid" reference-key="AD_Reference">2bc1a39b-0cbb-484f-a10c-64951162f8ae</AD_Reference_ID>
            <ValidFrom/>
            <ValidTo/>
            <Value>net.frontuari.utils.B_BFCPE</Value>
            <IsActive>Y</IsActive>
            <EntityType>FTU</EntityType>
            <AD_Ref_List_UU>54d17fad-ccb1-441c-b1ac-226c8d1f9c01</AD_Ref_List_UU>
            <AD_Ref_List_Trl type="translation">
                <Description/>
                <Name>Banco Fondo Común</Name>
                <AD_Language>es_CO</AD_Language>
                <IsActive>Y</IsActive>
                <IsTranslated>N</IsTranslated>
            </AD_Ref_List_Trl>
        </AD_Ref_List>
        <AD_Ref_List type="table">
            <AD_Client_ID>0</AD_Client_ID>
            <AD_Org_ID>0</AD_Org_ID>
            <Name>Western Discount Bank</Name>
            <Description/>
            <AD_Reference_ID reference="uuid" reference-key="AD_Reference">2bc1a39b-0cbb-484f-a10c-64951162f8ae</AD_Reference_ID>
            <ValidFrom/>
            <ValidTo/>
            <Value>net.frontuari.utils.B_BODPE</Value>
            <IsActive>Y</IsActive>
            <EntityType>FTU</EntityType>
            <AD_Ref_List_UU>2db785e0-5481-479b-b6b6-9c82f72be84a</AD_Ref_List_UU>
            <AD_Ref_List_Trl type="translation">
                <Description/>
                <Name>Western Discount Bank</Name>
                <AD_Language>es_CO</AD_Language>
                <IsActive>Y</IsActive>
                <IsTranslated>N</IsTranslated>
            </AD_Ref_List_Trl>
        </AD_Ref_List>
        <AD_Ref_List type="table">
            <AD_Client_ID>0</AD_Client_ID>
            <AD_Org_ID>0</AD_Org_ID>
            <Name>Exterior Bank</Name>
            <Description/>
            <AD_Reference_ID reference="uuid" reference-key="AD_Reference">2bc1a39b-0cbb-484f-a10c-64951162f8ae</AD_Reference_ID>
            <ValidFrom/>
            <ValidTo/>
            <Value>net.frontuari.utils.B_ExteriorPE</Value>
            <IsActive>Y</IsActive>
            <EntityType>FTU</EntityType>
            <AD_Ref_List_UU>0f5369da-c672-4502-a61c-f5f892203532</AD_Ref_List_UU>
            <AD_Ref_List_Trl type="translation">
                <Description/>
                <Name>Exterior Bank</Name>
                <AD_Language>es_CO</AD_Language>
                <IsActive>Y</IsActive>
                <IsTranslated>N</IsTranslated>
            </AD_Ref_List_Trl>
        </AD_Ref_List>
        <AD_Ref_List type="table">
            <AD_Client_ID>0</AD_Client_ID>
            <AD_Org_ID>0</AD_Org_ID>
            <Name>Mercantil Bank</Name>
            <Description/>
            <AD_Reference_ID reference="uuid" reference-key="AD_Reference">2bc1a39b-0cbb-484f-a10c-64951162f8ae</AD_Reference_ID>
            <ValidFrom/>
            <ValidTo/>
            <Value>net.frontuari.utils.B_MercantilPE</Value>
            <IsActive>Y</IsActive>
            <EntityType>FTU</EntityType>
            <AD_Ref_List_UU>53c6314c-cc7d-4773-b943-6b280d491e08</AD_Ref_List_UU>
            <AD_Ref_List_Trl type="translation">
                <Description/>
                <Name>Mercantil Bank</Name>
                <AD_Language>es_CO</AD_Language>
                <IsActive>Y</IsActive>
                <IsTranslated>N</IsTranslated>
            </AD_Ref_List_Trl>
        </AD_Ref_List>
        <AD_Ref_List type="table">
            <AD_Client_ID>0</AD_Client_ID>
            <AD_Org_ID>0</AD_Org_ID>
            <Name>Provincial Bank</Name>
            <Description/>
            <AD_Reference_ID reference="uuid" reference-key="AD_Reference">2bc1a39b-0cbb-484f-a10c-64951162f8ae</AD_Reference_ID>
            <ValidFrom/>
            <ValidTo/>
            <Value>net.frontuari.utils.B_ProvincialPE</Value>
            <IsActive>Y</IsActive>
            <EntityType>FTU</EntityType>
            <AD_Ref_List_UU>85b06a0c-dc72-44fc-971b-e71b2181ad6c</AD_Ref_List_UU>
            <AD_Ref_List_Trl type="translation">
                <Description/>
                <Name>Provincial Bank</Name>
                <AD_Language>es_CO</AD_Language>
                <IsActive>Y</IsActive>
                <IsTranslated>N</IsTranslated>
            </AD_Ref_List_Trl>
        </AD_Ref_List>
        <AD_Ref_List type="table">
            <AD_Client_ID>0</AD_Client_ID>
            <AD_Org_ID>0</AD_Org_ID>
            <Name>Venezuela Bank</Name>
            <Description/>
            <AD_Reference_ID reference="uuid" reference-key="AD_Reference">2bc1a39b-0cbb-484f-a10c-64951162f8ae</AD_Reference_ID>
            <ValidFrom/>
            <ValidTo/>
            <Value>net.frontuari.utils.B_VenezuelaPE</Value>
            <IsActive>Y</IsActive>
            <EntityType>FTU</EntityType>
            <AD_Ref_List_UU>a1d6de0f-bcf2-4224-8886-8bde18d00b35</AD_Ref_List_UU>
            <AD_Ref_List_Trl type="translation">
                <Description/>
                <Name>Venezuela Bank</Name>
                <AD_Language>es_CO</AD_Language>
                <IsActive>Y</IsActive>
                <IsTranslated>N</IsTranslated>
            </AD_Ref_List_Trl>
        </AD_Ref_List>
    </AD_Reference>
</idempiere>
