<?xml version="1.0" encoding="UTF-8"?><idempiere Name="FormPayRePrint" Version="1.3.0" idempiereVersion="" DataBaseVersion="" Description="Add Form Payment Re-Print" Author="" AuthorEmail="jcolmenarez@frontuari.net" CreatedDate="2020-09-25 13:34:06.732" UpdatedDate="2020-09-25 13:34:06.732" PackOutVersion="100" UpdateDictionary="false" Client="0-SYSTEM-System" AD_Client_UU="11237b53-9592-4af1-b3c5-afd216514b5d">
    <AD_Menu type="table">
        <Parent_ID reference="id">236</Parent_ID>
        <SeqNo>32</SeqNo>
        <AD_Client_ID>0</AD_Client_ID>
        <AD_Org_ID>0</AD_Org_ID>
        <Name>Re Print/Export Payment Selection/Orders</Name>
        <Description/>
        <Action>X</Action>
        <AD_Window_ID reference="id"/>
        <AD_Workflow_ID reference="id"/>
        <AD_Task_ID reference="id"/>
        <IsActive>Y</IsActive>
        <IsSummary>N</IsSummary>
        <AD_Process_ID reference="id"/>
        <IsSOTrx>N</IsSOTrx>
        <AD_Form_ID reference="uuid" reference-key="AD_Form">db82feb4-645d-4ee4-ac5d-bb384b945943</AD_Form_ID>
        <IsReadOnly>N</IsReadOnly>
        <EntityType>FTU</EntityType>
        <IsCentrallyMaintained>Y</IsCentrallyMaintained>
        <AD_Menu_UU>105738e6-9ded-45e1-bec0-32b82f9f2c89</AD_Menu_UU>
        <AD_InfoWindow_ID reference="id"/>
        <AD_Menu_Trl type="translation">
            <Name>Re-Imprimir / Re-Exportar Ordenes de Pago</Name>
            <Description/>
            <AD_Language>es_CO</AD_Language>
            <IsActive>Y</IsActive>
            <IsTranslated>N</IsTranslated>
        </AD_Menu_Trl>
        <AD_Form type="table">
            <AD_Client_ID>0</AD_Client_ID>
            <AD_Org_ID>0</AD_Org_ID>
            <IsActive>Y</IsActive>
            <Name>Re Print/Export Payment Selection/Orders</Name>
            <Description/>
            <Help/>
            <Classname>net.frontuari.payselection.webui.apps.form.WFTUPayRePrint</Classname>
            <AccessLevel>3</AccessLevel>
            <EntityType>FTU</EntityType>
            <IsBetaFunctionality>N</IsBetaFunctionality>
            <JSPURL/>
            <AD_Form_UU>db82feb4-645d-4ee4-ac5d-bb384b945943</AD_Form_UU>
            <AD_CtxHelp_ID reference="id"/>
            <AD_Form_Trl type="translation">
                <Help/>
                <Description/>
                <Name>Re-Imprimir / Re-Exportar Ordenes de Pago</Name>
                <AD_Language>es_CO</AD_Language>
                <IsActive>Y</IsActive>
                <IsTranslated>N</IsTranslated>
            </AD_Form_Trl>
        </AD_Form>
    </AD_Menu>
    <AD_Val_Rule type="table">
        <AD_Client_ID>0</AD_Client_ID>
        <AD_Org_ID>0</AD_Org_ID>
        <Name>C_BPartner with unpaid AP Invoices</Name>
        <Description/>
        <Type>S</Type>
        <Code> (EXISTS (SELECT 1 FROM C_Invoice i WHERE C_BPartner.C_BPartner_ID=i.C_BPartner_ID
 AND (i.IsSOTrx='N' OR (i.IsSOTrx='Y' AND i.PaymentRule='D'))
 AND i.IsPaid&lt;&gt;'Y') 
 OR EXISTS (SELECT 1 FROM C_Order o WHERE C_BPartner.C_BPartner_ID=o.C_BPartner_ID 
 AND o.IsSOTrx ='N' AND NOT EXISTS (SELECT 1 FROM C_Invoice inv WHERE inv.C_Order_ID = o.C_Order_ID)))</Code>
        <IsActive>Y</IsActive>
        <EntityType>FTU</EntityType>
        <AD_Val_Rule_UU>5d2b0352-1ba9-44e5-af58-9790e0257cc0</AD_Val_Rule_UU>
    </AD_Val_Rule>
    <SQLStatement type="custom">
        <DBType>Postgres</DBType>
        <statement>
            <![CDATA[UPDATE AD_Column SET AD_Val_Rule_ID=(SELECT AD_Val_Rule_ID FROM AD_Val_Rule WHERE AD_Val_Rule_UU='5d2b0352-1ba9-44e5-af58-9790e0257cc0')  WHERE AD_Column_UU='fa8869e2-0f00-461a-9553-fd9a42354b0e']]>
        </statement>
    </SQLStatement>
</idempiere>
